INF;'there must be some word today from my boyfriend so far away' ;
INF;.gov websites ;
INF;03 audi s6 ;
INF;1 cemetery rd derry nh ;
INF;10 reasons soccer is better than football ;
NAV;100.7theriver ;
NAV;105.9 the river ;
INF;11 cooper avenue unit 107 long branch ;
RES;12-tone matrix ;
NAV;14 children and ;
NAV;15105 ;
INF;18 and over clubs bay area ;
RES;1879 silver dollar worth ;
NAV;1915 ford ;
NAV;1935 news paper comics ;
INF;1950's business ;
NAV;1960 replica phones ;
NAV;1967 chevrolet impala ;
NAV;1970 pontiac bonneville parts ;
NAV;1978 grand prix parts ;
NAV;1984 chevrolet c 30 ;
NAV;1988 auto trans for pathfinder ;
NAV;1991 chevy k5 blazer for sale ;
NAV;1994 suzuki dr-350 ;
NAV;1996 skamper pop up ;
NAV;1999 new facts for automobiles ;
NAV;1st realty ;
INF;2 year adjustable mortgage ;
INF;2000 hyundai accent repair manual ;
INF;2002 olympic winter scandal ;
NAV;"2003;harley-davidson police bike" ;
NAV;2005 chrysler 300 ;
NAV;2005 nys income tax tables ;
NAV;2006 chevy tahoe accessories ;
NAV;2006 honda pilot roof box ;
NAV;2006 mustang convertable ;
NAV;2006 silverado crew cab sub box ;
NAV;2007 gl ;
INF;212 west pleasant st. hammonton nj ;
INF;24 prince street ny ny ;
INF;27 weeks pregnancy ;
INF;2nd law of thermodynamics ;
NAV;3 on 3 basketball ;
INF;3000 calorie diet ;
NAV;335i bmw
INF;39th birthday cake ideas ;
NAV;4 family multi-unit loan rates ;
NAV;414 keypad ;
NAV;49ers official site ;
NAV;5 star maryland resorts ;
INF;504 plan ;
NAV;5815 e la palma ;
NAV;6010 face plate ;
NAV;69 vids ;
INF;7 wonders of the world - statue of liberty ;
INF;75th birthday roasts ;
NAV;7th kentucky volunteer infantry ;
NAV;80th battalion ;
INF;8mm film transfer device ;
INF;911 calls on 9 11 ;
NAV;930 club dc ;
NAV;960 am salisbury ;
NAV;98 pontiac trans am parts ;
RES;a 2 z ;
INF;a date with judy ;
NAV;a list of nurses in the civil war ;
INF;a parents guide to the montessori classroom ;
INF;a sad story of recovery ;
INF;a women's prayer ;
NAV;aa tickets itinerary ;
INF;aaron parchem gay skater ;
INF;abadan ;
INF;abby book of the year winners ;
INF;abdominal muscle pulls ;
INF;abnormal blood flow ;
INF;about extacy ;
INF;abs pipes in basement concrete floor ;
NAV;ac delco ignition coil ;
NAV;academy for future science worldwide ;
INF;accessories for lexus gs 300 ;
NAV;accute myeloid leukemia ;
INF;acme windmills ;
NAV;act info ;
INF;activities for children's bible classes ;
INF;acts senior housing quakers suburb of phila pa. ;
INF;ada educator job ;
RES;add name to the do not call list ;
RES;address and phone numbers ;
INF;adhesive family characters for car windows ;
INF;adla ;
INF;adobev ;
INF;adoption-partners.org ;
INF;adult and family service oregon ;
NAV;adult living communities in lynchburg virginia ;
INF;adult web business ;
NAV;advanced emt national registry ;
INF;adverse reaction to lexapro ;
INF;aero azteca ;
INF;affordable kentucky rent ;
NAV;african american museum ft. wayne ;
INF;african symbols ;
INF;against all authority ;
NAV;aggressive lymphoma ;
NAV;aicpa.co ;
NAV;air and waste management association ;
INF;air handlers ;
INF;airboat rides near miami ;
INF;airline tickets to houston texas ;
INF;airplane theme ;
NAV;airtran.net ;
NAV;akita club of america ;
INF;ala acne treatment photodynamic ;
INF;alabama prek conference ;
INF;alan and mccarthy and montpelier ;
NAV;alaskan cities ;
NAV;albert lea mn. newspapers ;
INF;alchohol fuel still ;
INF;alecktra blue fucking ;
INF;alex my scrapbook ;
INF;alfalfa hay sellers ;
INF;alienwear aurora 5500 ;
INF;all cheats for the sims on ps2 ;
RES;all my girls lyrics by kiki palmer ;
INF;all the right moves ;
INF;allegheny county public works jobs ;
INF;allergy skin ;
INF;alligator attack 2006 ;
INF;allstate insurance corydon in ;
INF;alpha omega home schooling ;
INF;altace cap ;
INF;altournative tours cancun ;
INF;alvarez kelly ;
INF;ama presidents vice presidents ;
INF;amateur model contests ;
INF;ambria white shade ;
INF;amelia morris ;
NAV;america standard building systems ;
INF;american airlines arena miami seating reviews ;
INF;american breeders service ;
NAV;american eagel outfitters ;
NAV;american girl doll hospital ;
INF;american idol frenchy ;
INF;american league of poets ;
INF;american racing wheel retailers ;
NAV;american society for clinical pathology ;
INF;american zombie ;
INF;amerimedrx ;
INF;amino acids that enhance the effects of codeine ;
INF;amoritize ;
INF;amputation ankle ;
INF;amtrak train stuck ;
INF;an example of nexus ;
INF;analyze a company ;
INF;anbu and anime one ;
RES;ancient roman names ;
INF;anderson tiles odessa texas ;
INF;andrea gomez miss international ;
INF;andy roddick played in his first pro tournament ;
INF;angel japanese fence ;
INF;anger problems for preschoolers ;
INF;animal farm study guides ;
INF;animal skins and furs ;
INF;animated clip art of children sliding ;
INF;anita grossman solomon ;
INF;anna lou roth scholarship ;
INF;anne villanueva ;
INF;ansestry uk ;
NAV;anthony toronto tatoos ;
INF;anti-abortion crimes ;
NAV;antioch ca police department ;
INF;antique mall of america lv nv ;
INF;antoinette gingras texas ;
INF;anyways nonstandard ;
INF;aol broadband requirements ;
INF;aol fare watch ;
RES;aol map & directions ;
RES;aol systray ;
INF;aolsessions ;
NAV;apan dental ;
INF;apartments for sale staten island ;
INF;apex dvd remote ;
INF;appendicitus ;
INF;apple labtops ;
INF;appliances shoulders vest straps ;
INF;appraisal and bathroom ;
NAV;aqua continental waikiki ;
INF;ar 55-29. military convoy operations in conus ;
INF;arbors at sugar creek des peres ;
INF;archbishop ryan high school summer spring uniform ;
INF;arctic wolf adaptations ;
INF;are there taco bells in new zealand ;
INF;areflexic neurogenic bowel ;
NAV;ariau amazon towers hotel ;
INF;arizona escorts ;
INF;arizona train vacation package ;
NAV;arlen ness daytona ;
INF;armadillo knight ;
INF;arms reach co-sleepers ;
INF;armyhttp ;
INF;arrt books ;
NAV;art supplies santa fe ;
INF;arthrotec side effects ;
INF;articles about prayer in schools ;
INF;artisans art and frame washington dc ;
INF;arts of mother nature ;
INF;asf files ;
INF;ashland apartment rental evanston il ;
NAV;ashley rose orr ;
INF;asian sex spas ;
NAV;askhttp ;
RES;asphalt cowboy ;
INF;assessing childrens phonemic skills ;
INF;associated builders and contractors ;
INF;asteroidea ;
INF;at home workouts ;
INF;athens tennessee car clubs ;
INF;atlanta boy and girl club summer camp ;
NAV;atlanta sports bar ;
NAV;atlantic states mcwane ;
INF;atomic veterans of america ;
INF;attache brief cases ;
INF;attorneys who offer free consultation on ada law in houston texas ;
NAV;atvbumpers ;
INF;auctions bpd.treas.gov ;
INF;audiovox white speaker ;
INF;augusta stampede ;
NAV;aurora pool and spa ;
NAV;austin radiological ;
INF;australia iron mining fortescue ;
INF;authorization to release file ;
INF;auto dealer and bangladesh ;
NAV;auto rental miami florida ;
INF;autocad 2006 macros ;
INF;automobile collisions and accidents due to road signs ;
INF;avalanche 2003 ;
INF;average temperature in antarctica ;
INF;avn7000 gps ;
INF;awol bag ;
INF;az dept of revenue ;
INF;azure islands ;
INF;b.e. smith recruiters ;
INF;babe ruth middletown ;
INF;baby bassinettes ;
INF;baby dragon statues ;
INF;baby names for 2006 ;
NAV;babybedding military ;
INF;bacillus anthracis acid fast ;
INF;background and borders sets ;
INF;backyard wind power ;
INF;bad taste bears bernie ;
NAV;bahama car rental coupons and discounts ;
NAV;bait for crappie ;
INF;balance day spa in greensboro nc ;
INF;ball 20 trailer 20hitch ;
INF;baltimore chamber of commerce ;
INF;bamboo birch plywood ;
INF;bands mystic rose colorado ;
INF;bangor garden show ;
NAV;bank of america online card ;
INF;bankhead atlanta ;
INF;banks in georgia and new york ;
NAV;baptist church dc ;
NAV;barbara davis agency in nj ;
NAV;barcellona pozzo di gotto sicily language school ;
INF;bargain priced bakers rack ;
INF;barney myspace layouts ;
INF;barrs cages ;
INF;bartenders drink guides ;
NAV;baseball cards orlando fl ;
NAV;basement window well ;
INF;basketball cursers ;
INF;bass tabs fly high michelle enuff z nuff ;
INF;bathing suits for women with tummy tucks ;
INF;batman begins cast ;
INF;battle of kursk ;
INF;bay city michigan pig gig ;
NAV;baylor babies and classes ;
INF;bayshore ny post office ;
INF;bbs models teen ;
INF;bdsm free photo galleries ;
INF;beach rentals garden city s c ;
NAV;beacon fcu ;
INF;beallz ;
INF;beat wik demo ;
INF;beautiful flower photograhy ;
NAV;beaver dam community hospital ;
NAV;becton dickenson board of directors ;
NAV;bed of roses new rochelle new york ;
INF;bee fabric ;
INF;beer mugs ;
NAV;behr paint company ;
INF;belarus city minsk sport newspaper ;
INF;bell south phone book ;
INF;bellingham business phone numbers ;
INF;belly piercings how to do them myself ;
NAV;ben and jerrys icecream online ;
NAV;benckmark homes ;
INF;benh vien ;
INF;bennett and chaney familiesof pa ;
INF;benton elementary school ms ;
NAV;berkeley carteret asbury park ;
INF;bernadine manor ;
INF;bertera auto riverdale road ;
INF;best calcium for woman to take ;
NAV;best dress child ;
INF;best hair straightener ;
INF;best medicine for jockey itch ;
INF;best picnic foods ;
INF;best rates certificate of deposit ;
INF;best tasting tomatoes ;
INF;best western canyon de chelley ;
INF;bet shows ;
NAV;bethany presbyterian church seattle ;
INF;betty and veronica ;
INF;beyonce cheak on it ;
NAV;bianca botkier ;
INF;biblical women determined to see jesus ;
INF;bidmc fax resume ;
INF;big bad mamoo ;
INF;big booty dancing ;
INF;big island hawaii ;
INF;big sky great danes ;
INF;big woman elegant stores in new jersey ;
INF;bigtitmom .orgrg ;
INF;bikini top murder ;
INF;bill cosby in new orleans ;
RES;billboard music charts ;
INF;biltmore palm springs phase two ;
INF;bio on yevonne de carlo ;
INF;biology projects ;
RES;biracial denver ;
INF;birds toys ;
INF;birth control purpose ;
INF;birthday myspace graphics ;
INF;bissell big green canister cleaner ;
INF;black & decker cto8500 ;
INF;black and red myspace layouts ;
INF;black butte towing ;
INF;black eyed susan cocktail ;
INF;black house movie ;
INF;black plastic cord choker necklaces in surfer style with beads ;
INF;black skin disease in dogs ;
INF;blackbeard marines ;
INF;blacks beaches ;
INF;blairsville georgia 30512 ;
RES;blank map of the middle east ;
INF;bleaching wood cabinets ;
INF;bling myspace ;
INF;blogs braless women ;
INF;blood in nose ;
INF;bloom2 candles ;
INF;bls provider florida ;
NAV;blue crab festival in palatka fl ;
INF;blue heron pines fl. ;
INF;blue thooth ;
INF;bluegrass cardiology ;
INF;blushing lying ;
INF;bmw dealers in south fl ;
INF;bo bo bobobo ;
INF;boardway songs ;
INF;boat wax removal tips ;
INF;bob dylan country albums ;
INF;bobby banks ;
RES;boca ale house ;
INF;body logic massage therapy ;
INF;boggs academy alumni ;
INF;boise state university alumni ;
INF;bombs used in world war 2 ;
RES;bonethugs-n-harmony ft philcollins take me home lyric ;
INF;book club suggestions ;
INF;book suggestions for reading groups ;
INF;books history of the bible ;
INF;boone county clerk of courts ;
NAV;boothwyn pa ;
INF;borders bookstore jeff jacob ;
INF;bosch 11224vsr ;
INF;boston baked beans ;
INF;boston speakers vr12 ;
NAV;botetourt genealogy ;
INF;bounder diesels ;
INF;bowling parties ;
INF;boxster reliability ;
NAV;boys & girls club michigan ;
NAV;bqli health internship program ;
INF;bradfordhall ;
INF;brain tumors symptoms ;
INF;brandon hall 14866567 ;
INF;brass lighting ;
INF;brazil escorts ;
INF;bread pantry ;
INF;breast cancer awareness month ;
NAV;breckenridge cemetery mi ;
NAV;brenham athletic facilities ;
NAV;brett-robinson orange beach rentals ;
INF;bric investment fund ;
INF;bridal shower registry ;
INF;bridget neilson actress ;
NAV;bright form the start ;
INF;brinkman grill ;
INF;british authors in the 1400's ;
INF;britney spears toxic ;
INF;broadleaf weeds ;
INF;broken heart symtoms ;
INF;bronze book urn ;
INF;brooklyn radiology assn linden blvd ;
INF;broward county health department ;
INF;browning bar machine gun ;
INF;bruce woodson ;
INF;brunswick county schools in va ;
NAV;bt.store ;
INF;bucknell jokes ;
NAV;buddy k toys ;
INF;buffalo grove arboretum ;
INF;build my rack ;
NAV;building permits aitkin county ;
INF;bulk feed equipment ;
INF;bumble and bumble hair powder ;
INF;burberry clothing ;
RES;burn free music to cd ;
INF;burton ohio pancake festival ;
INF;bush says mission accomplished ;
INF;business names alameda county ;
INF;but still i chiseled whatever they paid me to castle ;
INF;butt toning exercises ;
INF;buttermilk waffles ;
INF;buy cosplay outfits ;
INF;buy rite nj ;
INF;buying dutch chocolates in netherlands ;
NAV;by faith productions ;
INF;c-21 scenic realty ;
INF;ca do not resuscitate form ;
INF;cabeza de vaca about ;
INF;cable franchise fees lincoln county ;
RES;cacner astrology ;
INF;cafe au lait ;
INF;cake decorations stars ;
INF;calci sand for crabs ;
INF;calebs creek golf community nc ;
INF;california association of realtors ;
INF;california in great depression ;
INF;california service dog trainers ;
NAV;california transit authority ;
INF;call of duty 2 big red one on game cube ;
NAV;calorie value for carl's jr. chicken nuggets ;
INF;calories sex ;
INF;calvert county school in maryland ;
INF;camcorder editing ;
INF;cameras stores ny ny ;
NAV;camp briarwood ;
NAV;campbell county court ;
INF;camping hawaii maui ;
INF;camron and lil wayne ;
INF;can i copy rented dvds onto dvd recordable discs to build my own library ;
INF;can water-based lubricant kill sperm ;
NAV;canada federal tax ;
NAV;canadian natural resources ;
INF;cancer federation delaware ;
INF;candle shop near winston salem ;
INF;canine glaucoma symptoms ;
INF;cannibal fetish ;
NAV;canoa coral by hilton ;
INF;canoscan libe 30 drivers ;
NAV;canwel building materials ;
INF;cape cod bathroom decor ;
INF;capellini's pizza levittown ;
NAV;capitol statuary hall ;
NAV;car insurance quote gmac ;
INF;car rental triangle rent a car ;
INF;car stereos systems ;
INF;carbide endmills price list ;
INF;cardinal henri teissier ;
NAV;care choice ;
NAV;caregiver health assessment ;
NAV;caring for a grieving pet ;
INF;carlebach guitar chords ;
RES;carmans photo source ;
NAV;carnival cruise victory ;
INF;caroline loeb ;
INF;carpeted homes living rooms ;
NAV;carroll community college in westminster maryland ;
INF;cars for sims 2 ;
NAV;carthage illinois newspapers ;
NAV;cartoonnetwork.virgilio.it ;
NAV;casablanca hotel in new york city ;
INF;cases of police brutality ;
INF;casino player's card comps table games ;
INF;caspian lake vt property ;
NAV;casting for movie tennessee producer lee daniels ;
INF;cat insurance declaw covered ;
RES;catalytic convertor ;
INF;caterpiller belt buckle ;
INF;catholic church in los angeles ;
RES;catholic standard archives washington d.c. ;
INF;cattle market chicago ;
INF;causes of uric acid in urine ;
INF;cb shed ;
RES;cc times ;
INF;cdi com supplements ;
RES;cedar rapids library ;
INF;celebrate brooklyn ;
INF;celebrity pr firm client price rates ;
INF;cell phone flag charms ;
INF;celsius to fahrenheit formula ;
INF;centenial gardens bakersfield ;
INF;centimeters conversion ;
INF;central middle school corinth maine ;
INF;centurion card amex ;
INF;century 21 realtors bayonne ;
INF;ceramic japanese dragon ;
RES;certified case manager ;
NAV;cf real madrid ;
INF;chaim lax ;
INF;chambers lakes colorado camping ;
INF;champions shillington ;
RES;chanel layouts ;
INF;change poems ;
RES;channel 13 pbs ;
INF;chantilly gymstars ;
NAV;character grover party theme products ;
NAV;charles critchfield and the manhattan project ;
INF;charles schlessiger ;
INF;charleston sc market place ;
INF;charlotte doyle lesson plan ;
INF;charo nude free ;
RES;chase charge ;
RES;chat in louisiana ;
INF;chatham county tax accessors ;
INF;chciago il nightlife ;
INF;cheap bulk perfume ;
INF;cheap designer replicas ;
INF;cheap miniature horses for sale ;
INF;cheapest adult incontinence products ;
INF;cheat nation ;
INF;cheats for play staion 2 ;
RES;check on a business license ;
INF;cheerleading gymnastics center in michigan ;
INF;chelsea handbag ;
INF;cherokee county alabama sheriff dept ;
INF;cherry's and carbohydrates ;
NAV;chester county sheriff ;
INF;chevrolet cavalier coolant recovery bottle ;
INF;chevy dealerships in ri ;
INF;chi hair products ;
INF;chicago lock co ;
RES;chicago sun times ;
INF;chicken orzo feta ;
NAV;chiense products sold in united states ;
NAV;child care liability and security issues ;
NAV;child support collection in ohio ;
INF;children diarrhea ;
INF;children with red cheeks ;
INF;children's hospital madera ;
INF;childrens books- pancakes pancakes ;
INF;chilean armed forces ;
INF;chinese alphabet wrighting ;
INF;chinese symbola ;
INF;chistes calientes ;
INF;chocolate mountains colorado river ;
INF;chondra pearce ;
NAV;chosen generation ministries ;
INF;chris issac ;
INF;christi carlson romano ;
NAV;christian homeschoolers association of south eastern s.c. ;
NAV;christian school in alpine texas ;
INF;christina a grosso ;
INF;christmas stamps ;
INF;chrome triple tree top clamps ;
INF;chrysin ;
INF;chubby celebs having a climax ;
INF;church magazines ;
INF;churches that are emergent churches ;
INF;cicutcity ;
NAV;cincinnati ohio wkrc ;
INF;cinemark wichita falls texas ;
INF;circle city volleyball ;
NAV;cirque du soleil long beach ca ;
NAV;citibank in new jersey ;
INF;citronella suppliers ;
RES;city guide chicago ;
INF;city of berwyn election for commiteeman ;
INF;city of germantown in md ;
INF;city of miami mayors office ;
NAV;city of scottsdale ;
NAV;cityof bloomfield hills mi ;
INF;civil service test prep ;
INF;ck summer perfume ;
INF;clarinex 5 mg ;
INF;clark county tax liens ;
INF;class 5 vault doors ;
INF;classic hotel furnishings ;
INF;classified ads-regional-6-cv ;
RES;clause ;
INF;cle las vegas ;
RES;cleaning services in warminster pa ;
NAV;clearfield county ;
INF;cleo's dragon hot pepper ;
INF;cleveland indians baseball ;
INF;click and clack ;
INF;clinker ;
INF;clods ;
RES;clothing department stores ;
INF;clown games ;
INF;club pulse in lakeland fl ;
INF;clyde's of tysons ;
INF;cnbc high net worth ;
INF;coach tim turner northville ;
INF;coat of arms;;;;;;;;;;;;;;;;;;;;;;;;;;http://www.vam.ac.uk;1;http://www.yourchildlearns.com;13;http://www.youririshroots.com;1;;;;;;;;;;;;;;;;;;;;;;;;;;;;;;;;;;;;;;
INF;coca cola ice chest restoring ;
INF;cocktails and diamonds nc ;
INF;code nightclub tampa ;
INF;coeur d alene animal shelter ;
INF;cognitive impairment therapy ;
INF;colbert county schools al ;
INF;coldwell banker in moberly ;
INF;colin godby ;
INF;collector coins ;
INF;college savings plan ;
INF;collier green apartments ;
INF;colombianflag ;
INF;color reproductions and bay area ;
INF;colorado department of professional regulation ;
INF;colorado springs moving companies ;
INF;colored pictures of florence nightingale ;
INF;colton norton ;
INF;columbia s.c party rental ;
INF;columbus in chamber ;
INF;combined life insurance ;
INF;comerica bak ;
INF;comfortpedic mattress ;
INF;commercial auditions orlando ;
INF;commercial whirlpools ;
NAV;communication arts advertising ;
NAV;community memorial foundation ;
INF;compaq a3000 ;
INF;comparing and contrasting the portrayal of men and women in films and or television ;
INF;complete merchandising services ;
INF;compost maure ;
INF;computer classes chicago ;
INF;computer virus support san mateo ;
INF;conceive signs ;
INF;concord day spas ;
RES;condemned pc game ;
INF;condottiero ;
NAV;congregation bnai jehudah ;
INF;connecticut comedy clubs ;
INF;connells maple lee ;
NAV;cons seat belt safety ;
NAV;conspiracy 8 ;
RES;construction jobs for the eastern shore ;
INF;consumer reports- laptops ;
INF;contemporary lamp design ;
NAV;continental.com for registration ;
RES;contractors licenses ;
INF;convert aol favorites to internet explorer ;
INF;coogan gildersleeve ;
INF;cooking a butt portion ham ;
INF;cool red giant ;
INF;cooper molera furniture ;
INF;cope india ;
INF;copycat recipe sites ;
INF;corbia royal hotel ;
INF;corinne wisniewski ;
INF;cornerstone united methodist church ohio ;
INF;corporate compliance officer salary ;
INF;corrective underwear ;
INF;cory spinks ;
INF;cosmos for world of war craft ;
INF;costa rican adults only resorts ;
INF;cotton odors indian garments ;
INF;counties of west virginia ;
INF;country life dietary supplement ;
INF;county forclosure listings in gallatin county montana ;
INF;coupon code caladium bulb company ;
INF;court probation jobs ;
INF;courtyard marriott in irving texas ;
INF;covercraft c15914bk ;
INF;cox high speed ;
INF;cpr classes in fresno california ;
NAV;crackerjack fishing ak ;
INF;craig forster m d nyc ;
INF;craigslist ill ;
INF;crappie fishing with jigs ;
RES;crazy town butterfly ;
RES;create my own street car freeware ;
INF;creating your own airline ;
INF;creative ministries nine ;
NAV;creek casino resort california ;
INF;cressett baptist church in durham nc ;
INF;cricket soda myspace ;
INF;crimping tools ;
INF;critiques something the lord made ;
INF;cross cultural publication inc. in south bend in ;
INF;crossfade band ;
NAV;crown plaza hotel in phoenix arizona ;
RES;cruel to be kind ;
INF;crum forrester ;
INF;crystal gayle's songs ;
INF;csi las vegas clothes ;
NAV;ct rivers bsa ;
INF;cub cadet riding lawn tractor ;
INF;cultivating bacteria from ocean floor ;
INF;cumberland gap tennesses ;
INF;cure bacon ham corned beef ;
INF;current howard stern ratings ;
INF;curt leskanic ;
INF;cushman eagle shop north carolina ;
INF;custom contact tables for your myspace ;
RES;custom motorcycles on ebay ;
INF;customer service job objectives ;
INF;cute little twinks php tgp ;
INF;cuttings from hibiscus ;
NAV;cyberplayboy ;
INF;cypress brokerage real estate ;
INF;d problems moving toothpicks with a cherry ;
INF;da young ;
INF;daddys wearing diapers ;
NAV;daily breeze torrance ;
INF;daimond ;
INF;dale county al property appraiser ;
RES;dallas interacial dating ;
INF;damaging dvds while removing them from the case ;
INF;dana nature reserve ;
INF;dance studios st. george ut ;
NAV;dane decor pa ;
INF;daniel hunter ;
INF;danza de mexico ;
INF;dark horse oil exploration texas ;
INF;darrin allred ;
RES;dating durham nc ;
NAV;dave's fresh marketplace ;
INF;david diaz ;
INF;david palmer chair massage ;
INF;davie florida home sales ;
INF;day care center in new york ;
INF;days inn rock mount nc ;
NAV;db medical rants ;
NAV;dcf florida ;
INF;de nigris memorials ;
INF;dealchamp ;
INF;dearborn newspaper ;
INF;deborah fein autism ;
INF;decibel meter ;
INF;decorating for st. patricks day ;
INF;deepak vadhan md ;
NAV;defense accounting ;
NAV;dekalb county tax ;
NAV;delaware national bank of delhi ;
INF;dell 8400 ata ribbon-cable ;
INF;delmar senior high ;
INF;delux checks ;
INF;demoderby in ky ;
INF;denise whitaker ;
NAV;dental cosmetic center of houston ;
INF;denture polishing paste ;
NAV;department mental retardation jobs ct ;
INF;department of mental retardation in connecticut ;
INF;depo autolamps ;
INF;derick and the dominoes live ;
INF;description of aramis ;
NAV;design guild moulding ;
INF;desk made in morocco ;
NAV;destin mwr ;
INF;determine object variable from parameter string variables in ms access ;
INF;detroit world outreach ;
INF;devil and miss jones 3-dvd ;
INF;dfas travel voucher info ;
INF;diabetes symptons ;
INF;dialated aorta ;
NAV;diamond philip ;
INF;diarrhea blood in dogs feces ;
INF;dick the bruiser wrestler ;
INF;dictionary corpulent ;
INF;diebold enterprise security systems in white plains ;
INF;diet to make you loss 5 lbs a week ;
INF;differences between trane and american standard a c ;
INF;difiant disorder ;
RES;digital pictures for downloading ;
INF;dillards credit cards ;
RES;ding ding dong ;
INF;dinwiddie public schools ;
INF;direct flight from austin texas to salt lake city utah ;
INF;directions for travel ;
INF;directory of health food stores ;
INF;dirt set up ;
INF;disc impingement l4-5 ;
INF;discount brake parts ;
INF;discount infant bedding ;
INF;discount shawnee mt pa. ski tickets ;
INF;discounted michael kors ;
INF;discussion questions pied piper of hamlin ;
NAV;disne world ;
INF;disney family cruises ;
INF;disney sluts ;
INF;dispatch moline ;
INF;distribution of two chromosomes with heterozygous gene combinations ;
INF;dividing plants ;
INF;divorce license michigan ;
INF;diy sex toys ;
INF;dld pe forum ;
INF;dmv title search ;
INF;do it yourself marketing ideas ;
INF;dobbs force fetch tapes ;
INF;doctors treatment center plainville ct ;
INF;dodge challenger ;
INF;dodge truck running boards ;
INF;does honey cure vaginal infections ;
INF;does this guy just want sex ;
INF;dog cakes ;
INF;dog liver sickness ;
INF;dog training cleveland oh ;
INF;dogs under 5lbs ;
NAV;dollar days .49 ;
INF;dom sub personals ;
NAV;dominican republic cdc ;
NAV;don's lighthouse ;
INF;donatists ;
INF;dont blame it on whitey ;
INF;doorbell phone ringer ;
INF;doral.net ;
INF;dot drug tests ;
INF;double roman shades ;
INF;doug gallaher ;
INF;douglasville ga news ;
INF;dowload movies for free ;
RES;download dance circuit ;
RES;download microsoft service pack 2 ;
RES;downloadable rpg ;
INF;dpfe egr sensor circuit low voltage detected ;
INF;dr jordan augusta ga ;
INF;dr suess printable pages ;
INF;dr. david giansiracusa ;
INF;dr. ignatius piazza ;
INF;dr. oz cheese ;
NAV;dr.dyno ;
INF;drafting programs ;
INF;dragon rooms ;
INF;drain water coming out ;
INF;drawing land site plan residential ;
INF;dred scott portrait ;
INF;dresses for teens ;
INF;drill paint shaker ;
NAV;drive ins ;
INF;driving directions from chico ca to orland ca ;
INF;drug bust pawleys island sc april 26 2006 mary carman lee ;
INF;drugs storys ;
INF;drury university springfield missouri ;
INF;dsl review ;
INF;dublin pontiac ;
INF;duckhouse dolls ;
INF;dui relief zipper ;
INF;dumb waiter ;
INF;dunn's chevrolet in oregon ohio ;
INF;durg abuse ;
INF;dutch colonial homes ;
INF;dvd stores in sweden ;
INF;dying of indigo cloth in nigeria ;
INF;dzavid cekic ;
INF;e-savings ;
INF;eagle 20lapel 20pins ;
INF;eagle spirit outfitters ;
INF;earl of oxford ;
INF;earth circumference ;
INF;east fishkill soccer club ;
INF;east williston little league ;
INF;easter in the totem ;
NAV;eastern university graduate school ;
INF;easy cannoli filling ;
INF;easy to read remote ;
INF;ebay athiest ;
INF;ebay vs yahoo auctions ;
INF;ebony pink ;
INF;eclipse 500 ;
INF;ecurity card ;
INF;edd.ca ;
NAV;edge development ca ;
NAV;editor's guild ;
INF;education operation room technician ;
INF;edward kaywork ;
INF;eeo protected classes ;
INF;egcg's effect on chemotherapy ;
INF;egyptian money exchange ;
INF;ej murray center ;
NAV;el paso zoo ;
INF;election process in the united states ;
INF;electric skillet ;
INF;electronic filing for united states supreme court ;
INF;elementary 400 meter dash ;
INF;elgood mayo jacks ;
INF;elizabeth bishop poetry ;
INF;elkhart chamber of commerce ;
INF;elliptical marquee tool faq ;
NAV;elton jhon ;
INF;email chris daughtry ;
NAV;embassy suites columbia south carolina ;
NAV;emerald isle rental ocean reef 17-b-1 ;
INF;emerson dual-screen portable dvd player ;
INF;eminem marriages to kim mathers info ;
INF;emotional and mental health articles ;
INF;employees that have sued employers ;
INF;employment security commission of north ;
INF;enamel compact ;
INF;end game movie ;
INF;endometrial polyp ;
INF;enfield scuba ;
INF;english vulcan dictionary ;
INF;enterprise coupon codes ;
INF;entire cement bag ;
INF;ephedra 20is 20back ;
NAV;eps foam products ;
INF;equillibrum ;
NAV;equustall mats ;
INF;eric burton and the animals ;
NAV;erie insurance co ;
INF;ernest demarco hawthorne nj ;
INF;erotic pnp ;
INF;escambia county fl first time home buyer program ;
NAV;esl social studies lessons ;
INF;essay ideas ;
INF;estes funeral home minneapolis ;
INF;eteamz west chester bulldogs ;
INF;etiquette for including directions in wedding invitation ;
INF;eukaryon nematodes lived 44 longer ;
NAV;eurogroup vacances ;
INF;evaluate marketing techniques ;
NAV;evaporative cooler manufacturers ;
INF;event rental in northwest indiana ;
INF;everhot water instant hot water system ;
INF;everything i do angers my husband what is wrong with him ;
INF;ewalletxpress ;
INF;examples of business cleaning cards ;
NAV;excelsior mexico ;
INF;executive business program for minorities ;
INF;exeter r.i.history ;
INF;expecting modeling ;
INF;export form 4457 ;
INF;extended stay hotels in metro atlanta ;
INF;extremely bad credit loans ;
INF;eye wash ;
INF;f l n ;
INF;faberware tempered glass cutting board ;
INF;face study sculpture ;
INF;facts about ninjas ;
INF;fairbanks sea bright nj ;
INF;fairfield resorts naples florida ;
INF;fairview avenue train video of woman hit by train ;
INF;fake nike air max 90 ;
INF;fallacies in philosophical arguments ;
INF;family court new york ;
NAV;family movie reviews ;
INF;famous actors born on july 24 ;
INF;famous marylanders ;
INF;fanfiction of natalie vega and john mcbain ;
INF;farewell bend state ;
INF;farm tractors for wood dragging ;
INF;farnsworth house plano il ;
INF;fashion cell phone cases ;
INF;fast growing benign ovarian tumor ;
INF;fat grams chart ;
INF;fathersday preschool ;
INF;fayette county illinois ;
INF;fd235hfc529 ;
INF;fecal matter ;
INF;federal laws on mail boxes ;
INF;federation of a&m mothers' club ;
INF;fele martinez ;
INF;female computer sounds ;
INF;female vaginas ;
INF;ferendina ;
INF;ferry to great island cabins ;
RES;fgcu applications ;
INF;fibromyalgia and hgh ;
INF;fidelity investments address ;
INF;fife and drum hotel connecticut ;
INF;filene's prom dresses ;
INF;filling taxes 1040 ez ;
RES;final fantasy x cheat codes ;
INF;find a non profit attorney ;
RES;find flash ;
INF;find the book pat and her policeman ;
INF;fine arts theater in maynard ;
INF;finishing marble ;
INF;fire fighter jobs ;
INF;firecrotch ;
NAV;first bank pr ;
INF;first female rapper ;
INF;first premiere credit union in chicopee mass ;
INF;firstniagara bank ;
NAV;fisher price fusion crew ;
INF;fishing trips in cabo san lucas ;
INF;five points in south carolina ;
INF;fixing student loan default ;
NAV;flag banner ;
INF;flanders golf course ;
INF;flatrock metal ;
INF;flemings tree nursery indiana pa ;
INF;flight plan movie ;
INF;flip flop party favors ;
INF;floor plans- arizona ;
INF;florence kentucky ;
INF;florida car shows ;
INF;florida government grants for small businesses ;
NAV;florida medicaid estate recovery ;
NAV;florida rv and trade show ;
INF;florida teacher poses in bikini ;
INF;florist dallas tx ;
INF;flower garden bulbs ;
INF;flowtech headers ;
INF;flyfishing south platte river ;
INF;foam and fabric knoxville tn. ;
INF;folgers gym ;
INF;fontina cheese ;
INF;food source gopherus agassizii ;
INF;foods to help you loss weight ;
INF;footxtc ;
INF;forbes business brokers ;
INF;ford 7710 ;
INF;ford f250 wiring diagram ;
INF;ford ranger 2004 brakes ;
INF;forearm extensor swelling ;
INF;forest glen shiraz ;
INF;form 941 ;
INF;formosa boulevard ;
INF;fort bragg nc telephone directory ;
INF;fort lauderdale cityguide ;
NAV;fort wayne toyota ;
INF;forza motorsports infinite credits ;
INF;fotos gratis pornograficas ;
INF;four corners cemetary hannah cranna ;
NAV;four seasons town centre ;
NAV;fox 10 phoenix ;
INF;fox nwnews ;
INF;foxcroft farms in ga ;
INF;fran dresher bio ;
INF;francis ouimet ;
INF;frank shelp ;
INF;franklin game ;
INF;fraud on the internet ;
INF;fred gradin ;
RES;fredricksburg va lawyer ;
INF;free analysis of poems by elizabeth bishop ;
INF;free baby shower favor online ;
RES;free birthday dog clipart ;
INF;free casino keno ;
INF;free ciber sex with hot sexy babes ;
INF;free creeting card ;
RES;free dj mix vibes ;
RES;free downloads song games ;
INF;free elephant coloring pages ;
INF;free file irs ;
INF;free gift registry ;
INF;free hairy thai teen pussy galleries ;
INF;free instant credit report ;
INF;free las vegas guides ;
INF;free make a your oun fish games ;
INF;free money fast no catches ;
RES;free myspace layouts fruit baskets kyo ;
INF;free nude pics of gretchen wilson ;
INF;free online birthday greetings ;
RES;free online war games ;
INF;free perfect ass movies ;
INF;free pictures cara zavaleta november 2004 playmate ;
INF;free practice permit test ;
INF;free printable no smoking signs ;
INF;free real estate books ;
INF;free seek a word birthdays ;
INF;free sloys ;
INF;free style bikes ;
INF;free titty-fuckig sites ;
INF;free videos of hardcore sex ;
INF;free xxx picyures ;
RES;freegames msn ;
INF;freer texas ;
NAV;fremont las vegas ;
INF;french military officer ranks of the 18th century ;
INF;frequently used spanish words and phrases ;
INF;fresno bariatric care ;
INF;friday the 13 part 5 ;
INF;friends sitcom suicide ;
INF;from first to last official site ;
NAV;frontier rottweilers ;
NAV;fsu school of music ;
INF;ft. myers obituary ;
INF;fucking mom's friends ;
INF;full length free sport movies ;
INF;fun city pensacola ;
INF;function of the walking legs of lobster ;
INF;fungirls ;
INF;funny hebrew shirt ;
NAV;funtime junction new jersey ;
INF;furniture outlets in nc ;
INF;future damages caculator ;
INF;g ene autry ;
INF;ga aquarium ;
INF;gabrielino high school san gabriel ;
INF;gainesville florida- the estates ;
RES;gallaghers pizza indiana ;
INF;gambia jallow ;
INF;gameboy advance sp battery charger ;
INF;gametownamerica ;
INF;garage door installation ;
INF;garden nurseries ;
NAV;gardens austin texas ;
NAV;garmin pda ;
INF;gary roller artist ;
INF;gas mileage for rv's ;
INF;gastric bypass insurance coverage washington state ;
INF;gateway vs dell ;
INF;gay ass cock fuck ;
NAV;gay lesbian community center miami ;
INF;gay pride washington dc june 2006 ;
NAV;gazebo california ;
INF;ged ohio ;
INF;gem collecting jade ;
INF;generac generators ;
INF;general motors spo packaging ;
INF;genessee valley mall michigan ;
INF;gentlemen prefer blondes ;
INF;geopgraphy of ancient egypt ;
INF;george tv .com poconos ;
NAV;georgia christian pageant ;
INF;georgia phone companies ;
INF;geraldo transportation ;
INF;german consulate in san francisco ;
INF;germany snow baden baden ;
INF;get free drum beats ;
INF;get well soon graphics ;
INF;getting your tubes tied ;
INF;ghost pictures omaha ;
INF;giant baseball bat sculpture chicago ;
INF;gift basket tradeshow ;
INF;gill gym ;
INF;ginko stainless ;
INF;girl of the ivy league ;
INF;girls golf ;
INF;gisele bundchen naked ;
INF;glasgow airport hotels ;
INF;glaucoma in dogs ;
INF;gleneagle colorado camping ;
INF;global heritage fund ;
INF;globetrac inc ;
INF;glove up display cases ;
INF;gmac insurance jobs ;
INF;go little rock airport jobs ;
INF;god's love is like a mother's love ;
INF;going your way tours ;
INF;gold threader earrings ;
INF;goldeneye pinot noir review ;
INF;golf cart roof mount radio ;
INF;golf o'fallon missouri ;
INF;gomez and dave ;
INF;good questions for truth or dare ;
NAV;goodwill thrift stores ;
INF;google phonenumbers ;
INF;gordon theological seminary hamiliton mass ;
INF;gospel sign language ;
INF;gov jeb bush ;
INF;government nursing jobs in north carolina ;
INF;grace bible christianschool w.middletown pa ;
INF;graduation hat ;
INF;grand canyon restaurants nevada ;
INF;grand ole opry convention center ;
INF;grandfather clock works ;
INF;granny's hat ;
NAV;grapevinemills mall ;
INF;grass sod prices ;
INF;grease saver ;
INF;great dane puppies for sale ohio ;
INF;great indian desert ;
INF;great-west insurance ;
INF;greek goddesses venus ;
INF;green casinos & lotto es ;
NAV;green mountain gringo ;
INF;greenfield ma ;
INF;greenville and spartanburg county commercial pools addresses ;
INF;greg bronstein ;
INF;grenade helter skelter jacket ;
INF;grieving child ;
INF;grip-tite manufacturing co. inc ;
INF;groomsman knives gifts ;
INF;grove x frame ;
NAV;gsa jobs ;
INF;guardian backup power ;
INF;guess black stretch jeans 30 ;
INF;guiding light spoilers ;
INF;guitar tabs for we are hungry by brad kilman ;
INF;gulfport ms family court ;
INF;gun shops ;
INF;gutterville.co.za ;
RES;gwinnett scan ;
INF;h maranville ;
INF;hack lg vx 9800 ;
INF;hair and zinc ;
INF;hair schools in virginia ;
INF;hale hospital massachusetts ;
INF;halina amanatides ;
INF;halloween party song donnie darko ;
INF;hamburger inn circleville oh ;
NAV;hammond lumber maine ;
INF;hampton roads montessorri school ;
INF;hand made wholesale jewelry ;
INF;handlery hotel san diego ;
INF;hanging tree cattle dog ;
NAV;hanover high school ;
INF;happy's restaurant ;
INF;hard math problems ;
INF;hardcore gay cocks ;
INF;harlan ky news ;
INF;harley for sale ;
INF;harras hotel las vegas ;
INF;harrison county hospital ;
INF;harry potter rp sites never tickle a sleeping dragon ;
INF;harvard 5 star table tennis paddles for sale ;
INF;has katie holmes had her baby yet ;
NAV;hatteras charter boats ;
INF;have sex after a long period ;
INF;hawaiian coconut cups party decorations ;
RES;hawthorn height- saying sorry ;
INF;hayward post office ;
INF;hd dvd blue ray dvd f ;
INF;head banging and baby ;
INF;headpointer ;
INF;health forms ;
INF;healthcare television systems ;
INF;heart diagram ;
INF;hearts wallpaper ;
INF;heavy civil and marine construction supervisor jobs ;
INF;hedda gabler ;
INF;heinz hall pittsburgh addresse ;
INF;hello kitty websites ;
INF;help paying bills in illinois kane county ;
RES;hemet chrysler center ;
INF;henri chapelle national cemetery ;
INF;henry thoreau why i went to the woods ;
INF;hep scholarship fund ;
INF;herbal treatment for dog incontinence ;
INF;herford cow ;
INF;hermle clock parts ;
INF;hershey park girl scouts ;
INF;hewlett packard model 933 ;
INF;hiapo ohana ;
INF;hide myspace blog and extended network ;
INF;high point regional ;
NAV;high school softball tournament in parkersburg wv ;
INF;highest paying carreers ;
NAV;highland park lilac perfume ;
INF;highway patrol officers requirments ;
INF;hillsborough county jails ;
INF;hilton grand vacations club on international drive-orlando ;
NAV;hilton in east brunswick nj ;
INF;hindu morals ;
INF;hip hugger indiana ;
INF;hirschsprung's disease ;
INF;historia romana ;
INF;history and photos and ben franklin ;
INF;history of glass windows ;
INF;history of statue liberty ;
INF;hitachi equipment for sale ;
INF;hk usp interchangeable barrels ;
INF;hobby plywood ;
INF;hodges ward elliott ;
INF;holey jeans ;
INF;holiday inn express nashville ;
INF;holistic trade shows ;
INF;holly tree ;
INF;holocaust camps ;
INF;holyoke laundry ;
INF;home coke dispensers ;
NAV;home depot mailbox ;
INF;home insurance quotes ;
INF;home remedies of kidney disease in canines ;
INF;home theater projector stores in ma ;
INF;homemade fishing sites ;
INF;homes for ;
INF;homes for sale in palm bay ;
RES;homes in melbourne ;
INF;homestead in fredericksburg tx ;
INF;honda 750 chopper kits ;
INF;honda foreman 4x4 ;
INF;honda pilot colors ;
INF;honeymoon suites orlando fl ;
INF;hook haven aviary ;
INF;hooter's las vegas ;
INF;hopkins auto ;
INF;horry school district ;
NAV;horse racing tv ;
INF;horsesfucking ;
INF;hospice jacksonville ;
INF;hospitals ranchomirage ;
INF;hot and cold sweats ;
INF;hot pics of nude celebrities ;
INF;hot wheels cars ;
INF;hotel coupons orlando ;
NAV;hotel monaco salt lake city ;
INF;hotel santa fe ;
INF;hotels hartford ct ;
INF;hotels in laguna beach california ;
INF;hotels near boulder country club boulder colorado ;
INF;hotlocalescorts. ;
INF;house by tracy kidder ;
INF;house plan 3471 ;
INF;houses for rent cary north carolina ;
INF;houses for sale in dillsburg pa ;
INF;housing authority san jose ca. ;
INF;houston cruise ship shuttle service ;
INF;howard country library miller branch maryland ;
INF;howard terrence ;
INF;hp ink cartridges cheap ;
RES;hpinkjet printer drivers ;
INF;ht enterprises inc. ;
INF;hubert h humphrey terminal parking ;
INF;hudson's department stores ;
INF;huguenot french kings ;
NAV;humana medicare ;
INF;humphrey & son laurel md ;
INF;hunter gatherer diet ;
INF;huntington beach surfing championships ;
INF;hurricane prepareness ;
INF;hustler busty beauties ariana ;
NAV;hyatt las vegas ;
INF;hydra tech fort wayne in ;
INF;hyper hydrosis ;
INF;hypoinflated bilateral lung ;
INF;i am the lord gospel song ;
INF;i gave chocolate to my dog ;
INF;i love you go away ;
RES;i want dick ;
RES;i'm gonna make you proud ;
INF;i860 phone ;
INF;ibew chicago ;
INF;ice age toys plush ;
INF;iceman richard ;
INF;idaho employment office ;
NAV;identify theft ;
INF;if i aint got you song ;
INF;igigi coupons ;
INF;illegal childern pornogaphy ;
INF;illinois compliled statutes ;
INF;illinois realtor licence ;
INF;im a stay at home father who needs to earn some money ;
INF;images of congress ;
INF;imelda tea ;
INF;immunizations for panama ;
RES;import export licensing information ;
INF;impressive poise ;
RES;in love with a stripper remix lyrics with paul wall ;
INF;incestcom ;
INF;incredible years a troubleshooting guide for parents of children age 3 to 8 ;
INF;independent record labels nyc ;
INF;indian consulate general ;
RES;indian sitar guitar chords ;
INF;indiana liquor license renewal ;
NAV;indianapolis woman magazine ;
INF;indoor grow rooms ;
INF;inexpensive cribs ;
INF;infertility support groups in illinois ;
INF;info on peri-menapause ;
INF;information about the planet mercury ;
NAV;information on nyse ;
INF;infrastructure by bully's wit fullys ;
INF;inheritance tax texas ;
INF;inmates in charleston detention center ;
RES;ins location ;
INF;insight m3x weapon light ;
INF;installing icd leads through chest surgery ;
NAV;instituto vascular ;
INF;insulin treatment linked to dementia ;
RES;intel training ;
INF;interesting fact about mission san fernando ;
INF;interior wall painting ;
INF;internal revenue service phone numbers ;
NAV;international equity fund ;
INF;internationalphonebook ;
INF;internet service for hinckley ca ;
INF;interviewing tips ;
NAV;introduction to rhetoric ;
INF;invenzioni italiane ;
INF;inwinecountry ;
INF;iowa racetracks ;
INF;ipsen 924 vacuum parts ;
INF;iraqi dinars on sale ;
INF;irish cocktail drinks ;
INF;iron-away ne-342 ;
INF;irs witholding calculator ;
INF;is busta rhymes homosexual ;
INF;is it ok to write resume on legal size paper ;
INF;is randy orton hot or what ;
INF;is water a good detoxifier ;
INF;islamic scarfs rochester ny ;
INF;isley brothers new album 2006 ;
INF;it's never been like this before ;
INF;italian recent deaths from satanic cults ;
INF;itr 4lug conversion ;
INF;ivory billed lives ;
INF;j bochmann ;
NAV;j.s.o.r.org ;
INF;jack love internet ;
NAV;jackson city school ;
INF;jacksonville ford dealers ;
INF;jaguar bumpers auto body ;
INF;jake wood geico ;
INF;jamal strong ;
INF;james i waddell ;
INF;james w gerard ;
INF;jane monk ;
INF;january 1997 aurora colorado died car fire ;
INF;japanese invasion of china 1937 ;
INF;jared melton ;
INF;jaspers backyard food ;
INF;jay ireland ;
INF;jbl gto 755.6 ii ;
INF;jean dobbs ;
INF;jeep eagle eye headlight free shipping ;
INF;jeff ramsey talks about john and patsy ;
NAV;jefferson county wv schools ;
INF;jeffreys in milford ;
NAV;jenison public schools ;
INF;jennifer saunders ;
INF;jerez de la frontera real estate ;
INF;jersey shore university medical center ;
INF;jessica howard dress and petites ;
INF;jessica- autumn ;
INF;jesus was not perfect ;
INF;jewelery for under 20.00 ;
INF;jewish organ donation ;
INF;jigsaw puzzles 300 ;
NAV;jim rogers--financial ;
INF;jimmy smith jacksonville jaguars ;
INF;jl marcus ;
INF;joaquin ceja ;
INF;job listings in venice florida ;
INF;jobs at banner health ;
INF;jobs in cleveland ms ;
INF;jobs online for disable in san antonio tx ;
INF;joe plante ;
INF;jogunn beams ;
INF;john butler ;
INF;john deere l100 riding lawn mower price ;
INF;john gary yusolfsky ;
INF;john l. loeb ;
INF;john obadiah frankin carry a cross ;
INF;john w north track and field ;
INF;johnny rezenik photo ;
NAV;johnsonsmith catalog ;
INF;jokes about wedding ;
INF;jonathan lapaglia ;
INF;jordan ringo ;
INF;josh seurkamp ;
INF;joyce meyers tv schedule ;
INF;juanita havill ;
INF;juegosfree xxx ;
INF;juicy couture sunglasses ;
INF;julie roberts-the chance ;
INF;jumpsuit pattern ;
INF;junior teen pussy ;
INF;just nipples tgp ;
INF;justin michael hanson ;
NAV;jwalk' ;
RES;kah-nee-tah resort weather ;
INF;kalmia latifolia bay state nursery ;
INF;kansas city chiefs ;
INF;kanye west mission impossible theme ;
INF;karate tee shirt ;
INF;kasabuski arena ;
INF;kathleen e. schaefer ;
INF;katrina cats nj ;
INF;kawasakii 250 dirt bike motor ;
INF;kci message board ;
INF;keelhaulers canoe club ;
INF;kelleher matchmaking ;
INF;kelly bule book ;
INF;kelvin sessoms ;
INF;kenmore elite he4 manuals ;
INF;kenneth dieffenbach m.d. ;
INF;kensington ipod ;
NAV;kentucky caverns tourism ;
INF;kentucky football ;
INF;kenyon martin suspension ;
INF;kessel ;
NAV;key harbour marina nj ;
INF;keyport nj apartments ;
NAV;kget channel 17 bakersfield ;
INF;kicker solo baric l5 10'' ;
INF;kidchatrooms ;
INF;kids exercise ;
INF;kids punching in the testicles ;
INF;kikuyu traditional foods ;
INF;kim horton north kingston ;
INF;kimbo records ;
INF;kinderhook new york ;
INF;king lees restuarant ;
INF;kingdom hearts cheat codes ;
INF;kings county investigating ;
NAV;kink fm 102 ;
INF;kirton ;
INF;kitchen cabinet fronts ;
INF;kiwi diffusion ;
NAV;klein high school ;
INF;knickerbocker photography ;
INF;knitting crafts ;
INF;knoxville tn trade books ;
RES;kodak easy share print service ;
INF;kokanee killer ;
INF;kool aid mission statement ;
INF;koreanf2a ;
INF;kphx am phoenix ;
INF;kristi livingston ;
INF;krussell case for blackberry 8700g ;
INF;kulalani condos ;
INF;kxtg5202m ;
INF;kyra sedgwick. ;
INF;l.a.countyjail.ca.gov ;
INF;la fireworks ;
INF;la paradou ;
INF;la torretta in weston ;
INF;lableless gold records ;
INF;laconia lakes region association nh ;
INF;ladie's suits ;
INF;lady queen universe orlando ;
INF;laguna beach kristin and steven ;
NAV;lake cable travel ;
INF;lake hartwell campgrounds ;
INF;lake mohave boating regulations ;
INF;lake road condo valley cottage ny ;
INF;lakeland hills y ;
INF;lakeside preschool ;
NAV;lamar state college in orange ;
INF;lamp light farms ;
INF;lance armstrong cancer ;
INF;land for sale marion county fl ;
RES;landforms in peru ;
INF;lane county adult correction ;
INF;lansing michigan history ;
INF;larceny records in nc ;
INF;large phylogenetic taxon group ;
INF;larry bigbie baseball card ;
INF;las vegas atm's ;
INF;las vegas museums ;
INF;laser on a follicular facial cyst ;
INF;last nights moon ;
INF;latest on duke rape charges ;
INF;latinas and swimsuits ;
INF;laundry organization ;
INF;lauren strongin ;
INF;lawn bowling measurements ;
INF;laws against speeding in a school zone in ma ;
INF;lazarillo de tormes ;
INF;lcos tv hitachi ;
INF;lead based paint disclosure form ;
INF;leakey texas ;
INF;learning guitar ;
INF;leather sewing machines ;
RES;led zepplin songs ;
INF;lee joffa ;
INF;left elbow pump in golf swing ;
NAV;legal 20seafood ;
INF;legal separation nc ;
INF;legging ;
INF;leisure suit larry game ;
INF;lenco marine trim tabs ;
INF;leo ward signed 1984 ;
INF;leopoldo poli ;
INF;lesbian dating sites ;
INF;lesly gore ;
INF;lets get down ;
INF;levon at the chance poughkeepsie ;
INF;lexington 20steele ;
INF;lexus and the olive tree ;
NAV;lg television ;
INF;liberty high ;
INF;library of congress john donoghue ;
INF;lidia bastianich's recipies ;
INF;life size auto decals ca ;
INF;lifted chevy s10 for sale ;
INF;lighthouse cape 20hatteras ;
INF;lil romeo u can't shine like me ;
INF;limestone fossil ;
INF;lincoln and continental owners club ;
INF;linda burris builder ;
INF;linens n things gift registry ;
RES;lion coloring pages ;
INF;lipitor grapefruit ;
RES;liquor buddy icon ;
RES;listen song hate me today ;
INF;listen to tuck in ya belly ;
NAV;lite the way ;
INF;little big town chords bring it on home ;
INF;little league helmets ;
INF;little sweet barely legal schoolboy twinks tgp ;
INF;live dinner and show in queens new york ;
INF;live the distance from here ;
RES;liviamedia ;
INF;lizards education ;
NAV;lo-max records ;
NAV;local baltimore artists ;
RES;local telephone line ;
INF;location of fulton ar cemetary ;
INF;locking dvd cabinets ;
NAV;lof ;
INF;logo shirts ;
INF;loma prieta earthquake ;
NAV;lone mountain ranch montana ;
NAV;long island game farm ;
INF;long stroke drill swimming ;
NAV;lonnie king korean war soldier ;
INF;loom beaded patterns ;
INF;loreal wrinkle decrease collagen filler ;
INF;los angeles advertising firms ;
INF;los angeles speakeasy ;
INF;los olivos neverland ranch ;
INF;loss prevention home depot ;
INF;lots or property in fresno county ca ;
INF;louis armstrong's greatest accomplishments ;
NAV;louisiana death index ;
INF;louisiana wildlife and fisheries department ;
INF;love canal ;
NAV;loveland green house ;
INF;low carb cold cuts ;
INF;low rider harley davidson - buy ;
INF;lowes chair cushions ;
NAV;loyola university california ;
INF;lts homes ;
INF;lucille roberts accounts ;
INF;lugares donde necesiten damas de companias ;
RES;lullabye lyrics billy joel ;
INF;lunch wagons ;
NAV;luther.alumni.edu ;
NAV;luxury resorts in turks and caicos ;
INF;lynn drive in ;
INF;lyrics - kicking and screaming - ashlee simpson ;
RES;lyrics for genecide front 242 ;
RES;lyrics for the used lunacy fringe ;
RES;lyrics live dance with you ;
RES;lyrics summer in the city ;
RES;lyrics to closing time ;
RES;lyrics to i believe by blessid union of soul ;
RES;lyrics to minority ;
RES;lyrics to the wiz - charlie smalls ;
RES;lyrics- cause your the only one for me ;
INF;m&m dream bars ;
INF;ma department of unemployment ;
INF;macaroni salad with tomatoes and cucumbers ;
INF;maclura pomifera ;
INF;macys friends and family coupon ;
INF;madd dog ;
INF;madison mint ;
INF;magazine ;
RES;magic dvd ripper 3.0 serial ;
INF;magicolor 2480 mf ;
INF;magnolia grove reception center ;
INF;mail popper ;
INF;maine historic druggists ;
INF;maine whistle blower laws ;
INF;make a myspace layout for myspace ;
INF;makeup artists and hairstylists iatse local 798 ;
INF;making money with a computer ;
INF;male erections ;
INF;male strip clubs in boston massachusetts ;
INF;malls in little rock ;
INF;mame tickets ;
RES;man stuck on island screensaver ;
INF;manchengo cheese and apple appetizer ;
INF;mandinka man named sundiata ;
INF;manners in japan ;
NAV;manufactured home dealers in tn ;
INF;map dc ;
INF;map of deciduous forest ;
INF;map of mediterranean sea europe africa ;
RES;map of roger ar ;
RES;map of the south of france ;
NAV;maplewood nature center ;
INF;maps stars houses ;
INF;marc donatelle ;
INF;marco polo collins avenue miami beach fl ;
INF;margaret kane and associates ;
INF;mariann shields lyn shields ;
NAV;marietta municipal court ;
INF;marinade for chicken wings ;
INF;marion county jail indianapolis ind ;
INF;mark bittman ;
INF;market basket grocery store ;
INF;marqiuse diamond engagement rings ;
INF;married with children fakes ;
NAV;marriott hotel charlotte nc ;
INF;marry hallock foote ;
INF;marshalltown 20community 20college ;
INF;martin backpacker ;
INF;martini purse hook ;
INF;marvin gaye born at ;
INF;mary jane as venom ;
INF;maryland bord or nursing ;
INF;maryland property tax records ;
INF;masquerade brand prom dress ;
INF;mass. sex offender registry ;
INF;massage and orange county california ;
NAV;master craft kitchen cabinets ;
INF;mastiff having sex with a chihuahua ;
INF;maternity omaha ;
INF;mathematics of sudoku ;
INF;matt black paint ;
INF;matthew barney naked ;
INF;mattress toppers sale ;
INF;maudlin horne ;
NAV;mavericks gymnastics ;
INF;may 2 primary election polls open ohio ;
INF;maynard - author ;
RES;mazda rx8 photo ;
INF;mcafee free virus scan and cleanup ;
INF;mccormick os-4 ;
INF;mcgee chevrolet middleboro ma ;
INF;mckinney texas district court of jurisdiction ;
INF;mcraven vicksburg ;
INF;mdgov ;
INF;meaning and example of poetic devices ;
INF;measuring carpet ;
INF;med shop total care pharmacy 470 east loop 281 longview tx ;
INF;medicaid mississippi gastric bypass ;
INF;medical conditions spotting with an iud ;
INF;medical policies and procedures ;
INF;medicare for providers ;
INF;medieval fair florida ;
INF;medtronics 540 ;
NAV;megaman collection x gameshark ;
INF;mel gibson conspiracy theory ;
INF;mellot brothers ;
INF;memorial day in san diego ;
INF;memphis rockabilly ;
INF;men wanting to fuck men now ;
INF;mendenhall in ga ;
INF;mens formal tophats ;
INF;mental disability scholarships ;
INF;mequon lawn & garden center ;
INF;mercedes-benz slc ;
INF;mercy medical group ;
NAV;merrimack fire department ;
INF;messenger live ;
INF;metal shelving ;
INF;metamune ;
INF;methodology for testing soil samples for viruses ;
INF;metro detroit car dealerships ;
INF;mets avatars ;
INF;mexican painted tin folk art ;
INF;mexico's first established culture had far reaching influence ;
INF;mi hummel porcelain collector mug ;
INF;miami dade college ;
NAV;miami salsa congress ;
INF;michael adisano ;
NAV;michael motion ;
NAV;michaels restaurant santa monica ;
NAV;michigan cna course ;
NAV;michigan schools and government union ;
INF;mickey mouse toddler bedding ;
INF;microcalcification ;
RES;microsoft office beta ;
INF;mid continent library ;
INF;middle tennessee state university- undergraduate catalog ;
INF;midget penis ;
INF;midwest airlines reservations help ;
INF;migraine treatment ;
INF;miketwo ;
NAV;mile square golf course ;
INF;military ball caps ;
INF;military pay chart 2006 ;
INF;millenium youth complex ;
INF;millitary jackets ;
INF;milwaukee massage happy ;
INF;minerals that dissolve due to acid rain ;
INF;mini street sweeper ;
INF;minister farrakhan on cspan ;
INF;minnesota kids adoption ;
INF;mint salad ;
INF;miragegreens ;
INF;miss deaf texas ;
INF;mission impossible tv show ;
INF;mississippi poultry growers association ;
INF;missouri criminal records ;
INF;mitch clem ;
INF;mix use commercial property loans ;
INF;mlb all star fanfest ;
INF;mls listings longview washington ;
INF;mn vikings training camp ;
RES;mobile gaming ;
INF;moccasin bend golf course ;
NAV;model one place peggy v ;
INF;modern botanical art ;
INF;modular shelves ;
INF;mojave pools ;
INF;mom and daughter stripping and fucking ;
INF;monaco motorhomes ;
INF;money market rates ;
INF;monkey heads fabric ;
NAV;monongahela valley bank ;
NAV;monster golf ct ;
NAV;monte carlo hotel vegas ;
INF;montessori schools in massacusetts ;
INF;monthly weather history for sacramento ;
INF;monty python clips ;
INF;moorish national republic ;
INF;mordant ;
INF;mormon 20church 20records ;
INF;morristown land for sale ;
INF;mortgage loan calculator ;
INF;mosquito deleto 2500 review ;
INF;most romantic love songs ;
INF;motels hotels panama city florida ;
INF;mother & mark prophet testimonials ;
INF;motherboard serial numbers ;
INF;motion glider ;
INF;motorcycle boot ;
INF;motorcycles canopies ;
INF;motorola razor v3 driver ;
INF;mound city missouri ;
INF;mountain bike races in west virginia ;
INF;mountaine meadows pottery ;
INF;movado las vegas store ;
INF;movie names q ;
INF;movie theater search ;
INF;movies about tsar nicholas ;
INF;movp junior players ;
INF;mr beef menu ;
INF;mr2 blits body kit ;
INF;msc industries ;
RES;msyace ;
NAV;mt. fuji restaurant ;
INF;mucos plug ;
INF;multcopets.org ;
INF;multiroom tents ;
INF;munoz lineage ;
INF;murrells inlet s.c ;
INF;muscular system activities ;
INF;music 20notes ;
INF;music goodnight my angel billy joel ;
INF;music shows - pigeon forge tn ;
INF;musical theatre anthology for teens ;
NAV;mustang automobile ;
INF;muttonhead quilt patterns ;
INF;mxr ;
INF;my daughter fucking ;
INF;my husband is not abusive unless he drinks ;
INF;my routine aol ;
RES;my space wallpapers ;
INF;mydaughtersfuckingblackzilla ;
INF;myrtle beach flights ;
RES;myspace custom backgrounds ;
RES;myspace kiss comments ;
RES;myspace punk layouts ;
INF;myspace.com kentuckyfriedchildrenbia ;
INF;mythical creatures ;
INF;n.j. kidcare ;
INF;nacho libre trailers ;
INF;nails disorders ;
NAV;naked milfs ;
NAV;namad volkswagen corporate diversity williams ;
INF;names of bones and muscles of frogs ;
INF;nancy lyons ;
INF;naomi wolf ;
INF;napolean pawns and kings ;
INF;narratives on the american dream ;
INF;nascar march 19 ;
INF;nashville star.usa network ;
INF;nassau pops symphony orchestra ;
NAV;nation insitute of health director usa ;
INF;national board of respiratory care requirement for associates degree ;
INF;national cornbread festival south pittsburg tn ;
INF;national geographic hungary ;
INF;national library week ;
NAV;national restaurant association award of excellence ;
INF;nationalization in germany and italy ;
INF;native american t shirts ;
INF;natural disaters of arizona ;
INF;natural pain relief ;
INF;naturino toddler shoes ;
INF;nautical watches ;
INF;navy dress uniform ;
INF;nazi whippings ;
INF;nbc tour ;
INF;nc police dept ;
INF;ncaa basketball selections ;
INF;ncaa updates 2006 ;
INF;near shore action team ;
RES;need 4 speed underground 2 cheat codes ;
INF;needlepoint canvases ;
INF;nehi soft drink ;
NAV;neisd san antonio texas ;
RES;neoclassical and romantic literature some general distinctions ;
INF;nesquik chocolate bunny ;
INF;neugarten's social clock ;
NAV;nevada medical clinic ia ;
NAV;new albany police department ;
INF;new braunfels accomodations ;
INF;new credit cards ;
INF;new from china about coal into gasoline ;
INF;new homes centreville maryland ;
INF;new jersey chiropractic board ;
INF;new jersey non public schools ;
INF;new london ohio school ;
INF;new orleans jambalaya shrimp ;
INF;new rinker boats ;
INF;new women's rolex watch ;
INF;new york city public school 86 ;
INF;new york song ;
INF;new york state podiatric medical association ;
NAV;new yorkpost ;
INF;newborn information ;
INF;newent england ;
INF;neworleanspolice department ;
NAV;newport ri womens golf ;
INF;news katharine mcphee ;
INF;newspaper list california ;
NAV;newyork health club ;
NAV;nextel i830 text messaging ;
NAV;nfpa code ;
INF;niagara falls hotels and motels ;
INF;nick cannon sex tape ;
INF;nickle hearts ;
INF;nielsen kia mitsubishi ;
INF;night time twitching ;
INF;nike flexlite 12 ;
RES;nikka costa lyrics i gotta know ;
INF;nilla banana pudding ;
INF;ninja film pray for death ;
INF;nissan cube ;
NAV;nitrous xpress ;
INF;nj do not call list ;
RES;nj registration and company name ;
INF;nn preteen candid ;
INF;no deposit casino world online ;
RES;no woman no cry guitar solo ;
NAV;noggin va ;
INF;non fiction daughter spanking ;
INF;non-toxic hair texturizer ;
INF;nordictrack treadmills ;
INF;north american fishing club ;
INF;north carolina coastal plains region ;
INF;north city youth baseball ;
INF;north lake blvd tahoe vista california camp site ;
INF;north sea during ww1 ;
NAV;northeastern illinois ;
INF;northgate apartment home in irving texas ;
INF;northwest herald obituaries ;
INF;northwind vacation rentals ;
INF;norwood ma post office ;
RES;notre dame aim wallpapers ;
INF;novelty talking parrots ;
INF;nsaids gastropathy ;
INF;nude beaches nc ;
INF;nude male cubans ;
INF;nude sites ;
INF;nudist sites ;
RES;number of registered sex offenders in us ;
INF;nurse practitioner license ;
INF;nursing home in new jersey ;
INF;nut flour ;
INF;nwc interaction invision free ;
INF;ny lottery scratch off games win for life ;
INF;ny state ski and stay ;
INF;nyc crime victim services ;
INF;nyc police dept explorer program ;
INF;nylon baseball hats ;
INF;nys worker comp forms ;
NAV;o'hara's jam and jellies ;
RES;oahu yellow pages ;
INF;oak valley nc ;
INF;obeseity law ;
INF;obtaining copies of vital record for cook county il ;
INF;occupational disease tile setters ;
NAV;ocean culture sandboards ;
NAV;oceanfront resorts in north mrytle beach ;
INF;odds 006 kentucky derby ;
RES;offenderslist ;
INF;office of public and illinois housing ;
INF;official general machine corp ;
INF;ohio art ;
NAV;ohio haflinger sale ;
INF;ohio state men's college basketball team who won first outright of big ten crown in since 1992 ;
INF;oil process plant operator test ;
INF;oklahoma basketball recruiting ;
INF;oklahoma lemon law ;
INF;old cardboard filing cabinets ;
INF;old gringo boots' ;
INF;old news nun killed by priest ;
INF;old wooden dining chairs ;
INF;oldnavy sweatshirts ;
INF;oliver north fox network ;
INF;olympia lowell ma. ;
INF;omar epps on tupac ;
NAV;omnipop talent ;
INF;on which number of the seven days of creation did god create day and night ;
INF;one laurel place condominiums ;
INF;one way christians georgia ;
RES;online credit report with no credit card ;
INF;online guestbooks ;
INF;online ping pong ;
RES;online traslation ;
INF;oo7 agent under fire ;
INF;open pussy ;
INF;operativna akcija janicar ;
INF;oprahs 10 secrets ;
INF;oral sex a sin ;
NAV;orange county inmate booking info ;
INF;orangecountypublicschools ;
INF;order of development of motor and verbal abilities ;
NAV;oregon library card ;
INF;organ schematics ;
NAV;orgasm clips ;
INF;original route 66 ;
INF;orlando boheme restaurant ;
INF;orlando planned parenthood ;
NAV;ortega.adultschool.edu ;
INF;orvis shasta california ;
NAV;osmo hardwax oil for wood floors ;
INF;otb results ;
INF;ottsville inn - menu items ;
INF;our world today ;
NAV;outdoor fountain filters ;
NAV;outer banks jeep chrysler ;
INF;oval race tracks stockton california ;
INF;over the hill beer mug ;
INF;overseas car shipping ;
NAV;oxford monolingual picture dictionary ;
NAV;oympia airlines ;
NAV;p5nd2 xp-120 ;
INF;pa state inspection tools ;
NAV;pacific city or cabins ;
NAV;paddle pins ;
INF;paginas para hacer mu??ecas de animacion ;
INF;pain medication regime for fibromyalgia ;
INF;paint stirrers ;
INF;painting of sunset ;
INF;palace of versailles ;
NAV;pallotti high school ;
INF;palm desert motels ;
NAV;palm tree floor lamp nng ;
NAV;palmer twp pa ;
NAV;pamela anderson photo shoot dark skinned man ;
NAV;pan-hellenic council ;
INF;panasonic mc-v6603 ;
NAV;panini breads restaurants- rhode island ;
NAV;pantogram embroidery ;
INF;paper clip museum ;
NAV;paperwork for home health care ;
INF;paramour ;
NAV;parenting a gifted child ;
NAV;paris hilton's phone book ;
NAV;park city visitors and convention center ;
NAV;parker junior high school district 161 ;
NAV;parlamento espa??ol cruz y raya ;
NAV;part time spam jobs ;
NAV;party rentals in bergen county ;
NAV;pasco county library ;
NAV;passionup greeting cards ;
INF;pasta con sarde ;
NAV;pastry schools in philadelphia pa ;
NAV;paternity testing in michigan ;
NAV;patrick cardine studios ;
INF;patron saint of pregnancy ;
NAV;paul dixon airboats unlimited ;
NAV;paul shirley ;
NAV;paulding county chamber of commerce ;
NAV;pay irs ;
NAV;payless job application ;
NAV;pcb manufacturer ;
INF;peabody furneral home ;
NAV;peanutbutter jelly time ;
NAV;pearls art and craft ;
INF;pediatric lab values ;
NAV;peekskill stadium ;
NAV;peliculas mexicanas ;
NAV;pence nissan ;
NAV;penn graphics philadelphia pa ;
NAV;pennsylvania game commission ;
NAV;pennsylvania seminary schools ;
INF;pensive ;
NAV;people that help to rent with bad credit ;
NAV;pepperdine baseball ;
NAV;peregrin falcons ;
NAV;performax sander ;
INF;period after post partum period discharge ;
NAV;permanent cosmetics training california ;
NAV;person search sites ;
NAV;personal trainers in savannah ga ;
NAV;perspectives regarding strategic thinking ;
NAV;pet oasis ca ;
NAV;petco park jobs ;
INF;peter jackson's king kong cheat codes for gamecube ;
NAV;petit paint ;
NAV;pew research center global attitudes ;
INF;phantom of the opera playwright ;
NAV;phat asses weman ;
NAV;phila. churches ;
INF;philadelphia music clubs ;
INF;philippines islands diving ;
INF;phillips-robinson funeral home ;
NAV;phoenix lumber retailers ;
NAV;phone number look ups ;
RES;phonenumbers.net ;
INF;photo of bald eagle ;
NAV;photo's of playboy bunny's ;
NAV;photos of bugs in pours ;
INF;photos of shakira you can email ;
INF;physical characteristics of a goose ;
INF;physics of cheerleading ;
INF;picardy ireland ;
NAV;pics of a dime piece ;
NAV;pics on lucille ball pregnant ;
NAV;picture of a ladyinwaiting ;
INF;picture of how to change brake pads on a 2000 dodge neon ;
NAV;pictures bow and arrows ;
INF;pictures of animals from the cambrian period ;
INF;pictures of charleston sc ;
NAV;pictures of driver licences ;
INF;pictures of holes ;
NAV;pictures of marques huston ;
INF;pictures of penis's ;
INF;pictures of sand ;
INF;pictures of the o sea ;
NAV;pictureshrines ;
NAV;pierre beauregard ;
NAV;pikeville tennessee ;
NAV;pima county house forclosure records in tucson az ;
NAV;pinball repair ;
NAV;pinellas jobs ;
NAV;pink rubber gloves ;
NAV;pinto baseball league in broward county ;
NAV;pipe volume ;
NAV;pit bull personal checks ;
NAV;pittman dc-71 motors ;
NAV;pittsburgh steelers address ;
NAV;pj whelihans sewell ;
NAV;plain dealer pavilion ;
INF;planet splash and play ;
INF;plans to build arbor ;
INF;plantation preserves golf course ;
NAV;plasama tv ;
NAV;plastic supply - california ;
NAV;plato club ;
RES;play disturbed devour.mp3 ;
NAV;playboy bunny iron patches ;
NAV;playstation 2 console simulator ;
INF;pleasanton california ;
NAV;plumbing parts for pools in sacramento ;
NAV;plus womens golf attire ;
NAV;pocket pc microsoft exchange server ;
NAV;poems by henry wadsworth longfellow ;
NAV;poetry associations ;
NAV;pointe orlando muvico cinemas ;
NAV;pokemon yellow victory league ;
NAV;polar heart monitor ;
NAV;police fabric ;
NAV;polish community center albany ny ;
NAV;polk county georgia slaves;;;;;;;;;;;;;;;;;;;;;;;;;;http://www.us-census.org;2;http://www.usgennet.org;2;http://www.visitnortheastgeorgia.com;1;http://www.westga.edu;1;http://www.willowbendbooks.com;1;http://www2.heritagequest.com;1;;;;;;;;;;;;;;;;;;;;;;;;;;;;;;;;;;;
NAV;poly tubing and fittings ;
NAV;pomperaug highschool ;
NAV;pontiac delears jacksonville ;
RES;pool and spa supplies cleveland oh ;
NAV;pop hits 2000 ;
NAV;poppit to go ;
NAV;popular sayings about blood is thicker than water but love ;
INF;porcentaje de vida despues de detencion de cancer cervical ;
NAV;porn performer sophia rossi ;
NAV;pornstar anal brunette movies ;
NAV;port gibson ms ;
NAV;port st lucie hotels and motels ;
NAV;portage county municipal court ;
NAV;portland press herald portland me ;
NAV;poseidon adventure review ;
INF;post mba certificate distance learning ;
NAV;poster of movie seducers ;
NAV;potawatomi people of the fire oklahoma ;
NAV;pour house ;
NAV;power rangers zeo ;
INF;ppd immunizations ;
NAV;prairie rose realty ;
NAV;pre 68 chevy alternator bracket set ;
NAV;pre-teen america ;
NAV;precision eset disks ;
INF;pregnancy and planning ;
NAV;prek art circus ;
INF;prepaid ohones ;
NAV;preschool in tennessee ;
NAV;preseasoned cast iron pans faq ;
INF;presidential elections ;
NAV;pretty pictures of jesus ;
NAV;price index ;
INF;prices used 75 hp compressors ;
NAV;prime time transportation ;
NAV;prince solms inn ;
NAV;princeton conover ford nj ;
NAV;printable bingo cards for kids party ;
NAV;printable pictures of fish in the ocean preschool ;
NAV;priscill presley photos current ;
NAV;private island for rent ;
NAV;pro batting helmet xl ;
INF;probation violations ;
NAV;produce cooling ;
RES;professional bookkeeper ;
NAV;prognosis of ms ;
INF;project housing causes crimes ;
NAV;prom dresses for big chests ;
NAV;pron star africa ;
NAV;property appraiser in pasco county fl ;
NAV;property zoning in newport news va ;
NAV;protect a child ;
NAV;providence mall ;
INF;pruning citrus trees ;
NAV;psa card grading ;
NAV;psp evolutionx on psp 2.70 ;
INF;psycho-therapy in monmouth co. ;
NAV;pub 99 ;
NAV;public records manatee county ;
NAV;pueblo indian oral tradition ;
NAV;pugs in ri ;
NAV;punch professional home design platinum ;
NAV;purcell oklahoma girl ;
NAV;purim baskets australia ;
NAV;pus pocket on back of mouth ;
NAV;pussy toy ;
NAV;puzzles coloring pages with bible stories ;
INF;pythagorean theorem history ;
NAV;quail hollow in hartville ohio ;
INF;quantum math. ;
INF;queen size bedding ;
INF;questionnaire car ;
NAV;quiksilver wallets ;
NAV;quincy 20medical 20center ;
INF;quit smoking slow ;
INF;quotes about passion ;
INF;quotes from smallville episode blank ;
NAV;r c willeys home store ;
NAV;r6 vin location ;
NAV;raccoon coloring pages ;
NAV;rachel crawford ;
NAV;racquetball supplies ;
NAV;radio disney b5 ;
NAV;radio stanice za mobitele ;
INF;radiology physics ;
NAV;rado watch model history ;
NAV;railroad 1880 yuma arizona territory ;
NAV;raised air bed with air controller ;
NAV;ralph de cou ;
NAV;ramada inn eastside ;
NAV;rampage toyhaulers ;
NAV;randle wa resort ;
NAV;rank my ink ;
NAV;rapper haystack ;
NAV;rashes on babies ;
NAV;rating fund families wall street journal ;
NAV;raw b ;
NAV;raymond james financial ;
NAV;razr v3 clip-on cases cowboys ;
NAV;rcwileys ;
NAV;reading and understanding text ;
NAV;real deal track club virginia ;
INF;real estate europe ;
INF;real estate lake toxaway north carolina ;
INF;real estate tropea calabria ;
INF;realgy energy services ;
NAV;realtors for farms for sale new york ;
INF;reasons for therapeutic abortions ;
NAV;rebuilt alternators ;
INF;recetas para champi??ones ;
INF;recipe for duncan heinz lemon pound cake ;
INF;recipe sweet jammies muffins ;
NAV;recipes from restaurants ;
NAV;recording studio installation ;
NAV;recruiter's exchange allied health care ;
NAV;red bank new jersey travel agencies ;
NAV;red currants ;
NAV;red measles ;
NAV;red slip for ceramics ;
NAV;redfish tips ;
NAV;redwood empire wrestling association ;
INF;reflexology paper trail ;
NAV;regal tip sticks ;
RES;reggie and the full effect ;
NAV;register pajaronian on line ;
NAV;rehoboth beach rental homes ;
NAV;relastin ;
INF;religion in schools ;
NAV;relpo ;
NAV;remax realty covington ga ;
INF;remorral ;
NAV;renaissance albums library bound verona ;
INF;renew i-551 card ;
INF;rent houses and apartments in st.mary parish ;
NAV;rental car company ;
NAV;rentals coconut grove florida ;
NAV;renting harley davidson on strip las vegas ;
NAV;replacement sewing snip blades ;
NAV;reported cases of stigmata ;
INF;republican ideals versus democrat ;
INF;research journals on cardiovascular disease ;
INF;resin adjustable chairs ;
INF;resources for single women in orlando ;
NAV;restaurants hartford ct ;
NAV;restaurants.nyc ;
NAV;restuarants in nyc ;
NAV;retail mesh packaging bags ;
INF;retirement homes in harlem ;
NAV;rev james berggren in houston ;
INF;review ibm thinkpad r40 ;
INF;reviews on a 'dolls house the film ;
INF;rexair ;
NAV;rhino lining bed protectors ;
NAV;rhodeislandchat ;
NAV;ri high school sports ;
NAV;rice paper shades ;
NAV;richard sheridan ;
NAV;richmond nero larp ;
INF;rico suave ;
NAV;riding lawn mower comparisons ;
INF;rihanna tabs ;
NAV;ringtones for motorola c139 ;
NAV;risen sheet music vocal ;
NAV;ritchie havens ;
NAV;river cities raceway ;
NAV;river terrace resort motel ;
NAV;riverside county department of building and safety ;
NAV;riverwalk jupiter ;
RES;road reports ;
NAV;roanoke virginia flu report march 2006 ;
NAV;robdobi ;
INF;robert morgan technical institute ;
NAV;robin eggs hatching ;
NAV;rocawear symbol ;
NAV;rock creek camping ;
NAV;rockabilly jewelry ;
NAV;rockford memorial medical center ;
NAV;rocky mountain dance cody wyoming ;
NAV;roddrick of william allen high school ;
NAV;roger hazzard ;
NAV;roles in australian families ;
NAV;rollercoaster tycoon 3 no cd ;
NAV;roman history compared to biblical history ;
NAV;romantic restaurants ;
NAV;ron villanueva city council at large ;
INF;roo ;
NAV;roosevelt school melrose ;
NAV;rosario perusquia lamar middle school laredo texas ;
NAV;rose print bedding ;
NAV;roslyn artguard ;
NAV;rotifers ;
NAV;roundtop flea market ;
NAV;roxy affiliates ;
NAV;royal limousine service albany new york ;
INF;rrr heart murmur ;
NAV;rubicon clothing ;
NAV;ruger 204 ;
NAV;rum bay colorado springs ;
NAV;runescape zezima ;
NAV;russ feingold middleton ;
NAV;russian birth records 1800's ;
NAV;rustoleum auto paint ;
NAV;rutland high school ;
NAV;rwwheels ;
NAV;ryman auditorium nashville tn ;
NAV;s-corporation non-taxable dividend ;
NAV;sabres sweatshirts med ebay ;
NAV;sacramento mental health ;
NAV;saddle ranch in west hollywood homepage ;
NAV;saftey pin crafts ;
NAV;sailor moon characters ;
NAV;saint francis terriers ;
NAV;saint mathews churches tulsa ok 74121 ;
NAV;sako 75 ;
NAV;saleen truck ;
NAV;saline county il. property taxes ;
NAV;salmen cub scout reserve ;
NAV;salt lake city jazz clubs ;
NAV;salvia spathacea ;
NAV;samantha slopes ;
INF;sample letter of recommendations ;
NAV;sampson regional medical center ;
NAV;samsunga740 ;
INF;san antonio de cortes ;
NAV;san antonio tx zip code ;
NAV;san diego county jobs ;
NAV;san diego trolley ucsd medical center oldtown ;
NAV;san francisco usgenweb ;
NAV;san mateo county california real estate ;
NAV;sand filter for swimming pools ;
NAV;sandisk trans flash ;
NAV;sanford gaylor ;
INF;santa ana catholic churches ;
NAV;santa rosa beach rental ;
NAV;sapulpa schools ;
NAV;sarah merian photography ;
NAV;saskatchewan whitetail hunt ;
INF;satire topics ;
NAV;saugus police news ;
NAV;save the rainforest poster ;
NAV;saybrook graduate school ;
INF;sc scanner frequencies ;
NAV;scarlet bagonias ;
NAV;scesc ;
NAV;schlitterbahn texas ;
NAV;school age child care ;
NAV;school girl pins ;
NAV;schools offering religious degrees ;
INF;science fair projects biomes ;
NAV;scoop me baby ;
NAV;scott consulting group ;
RES;scott savol songs ;
NAV;scottsdale arizona vacations ;
NAV;scrapbooking and beyond magazine ;
NAV;screw-vent implant th5c5 6 healing abutment ;
NAV;scussett beach ;
NAV;sea turtle nesting habits ;
NAV;seagrass basket ;
NAV;seams in granite ;
NAV;search and rescue german shepherds ;
NAV;search your heart ;
NAV;sears retirement ;
RES;seattle 20hotels ;
NAV;seattle street of dreams 1987 ;
INF;second grade ss lesson plans ;
NAV;section 302 allocation ;
INF;secure credit card ;
NAV;sediment tube ditch checks ;
NAV;seeking love friendship ;
NAV;seiu local 817 ;
INF;self esteem in women ;
INF;sell aluminum and paper in salinas california ;
NAV;selmer tenn. news ;
NAV;senator nancy palosi photographs ;
NAV;senior options ;
NAV;sepco 300 ;
NAV;sequoia textbooks visalia ;
NAV;serious sam gold cheat codes pc ;
NAV;sesame street sheet sets ;
NAV;setting up an infant toddler program ;
NAV;severe bruising after lumpectomy ;
NAV;sex addiction spiritual violation ;
NAV;sex in the woods ;
NAV;sex surrogates in kansas ;
NAV;sexual disease ;
NAV;sexy alessandra ambrosio wallpapers ;
NAV;sexy girl next door ;
NAV;sexy prom dresses for cheap ;
NAV;sfa band camp ;
NAV;shag me amateur girls ;
NAV;shakira wireless ;
RES;shania twain from this moment on ;
NAV;shark poles ;
NAV;sharp r402jw microwave oven ;
INF;shawn duffy psychologist fl ;
NAV;she squirts for free ;
NAV;sheetmusic for us armed force patriotic songs ;
NAV;shelly cole ;
NAV;shephards beach resort ;
RES;sheraton miami ;
NAV;sherron real estate ;
RES;shinedown lyrics begin again ;
NAV;shirtless pictures of ryan gosling ;
NAV;shoe roller ;
NAV;shooting or gun events ;
NAV;shops at evergreen walk south windsor ct ;
RES;short poems friends teen love ;
NAV;shot shell reloading supplys ;
NAV;shoulder hemiarthroplasty critical pathway ;
INF;show me your pussey ;
NAV;showy annual photo ;
NAV;shu umera ;
NAV;siamese ca ;
RES;sick on you lyrics by better off ;
NAV;side tie ;
NAV;sierra vista vehicle auction ;
INF;signature based ;
NAV;signs of abuse ;
INF;silica gel manufacture ;
NAV;silver and gold embedded womens ring ;
NAV;silvercrest gold encrusted bronze vase ;
NAV;simba tiger ;
NAV;simple freedom phone service ;
NAV;sims 2 installation help ;
NAV;sin city rollergirls ;
NAV;single parent cruises ;
INF;sinuitis ;
NAV;sissy chatrooms ;
NAV;six flag theme parks ;
NAV;skank gals ;
NAV;ski ohio ;
INF;skin infection with knuckle pain ;
NAV;skokie valley skating club ;
NAV;skyfi bank ;
NAV;slavas snow show ;
INF;sleeping under the risk of predation ;
INF;slippery rock graduate programs ;
NAV;slutybitches ;
NAV;small georgia towns ;
NAV;small wine racks ;
NAV;smiley pups in marietta georgia ;
NAV;smithtix ;
NAV;smokie mountain state parks ;
NAV;smv weak in the knees ;
RES;snake tribal tatoos ;
NAV;sno girls ;
NAV;snowmobiling magazine ;
NAV;soapstone pipe bowls ;
INF;soccer training camps portland oregon march ;
INF;social security office littleton colorado ;
INF;sociologist cultural barriers ;
INF;soft start circuit schematic ;
INF;solano county jobs ;
NAV;soldiers funeral photographs ;
INF;soma and suicide ;
INF;sometimes in our lives we all have pain we all have sorrow ;
RES;song lyris ;
INF;songs of selfishness ;
NAV;sonoma station richmond ;
NAV;sony datman recorders ;
NAV;sony rear projection televisions ;
NAV;sopranos season 6 spoiler ;
NAV;soul train awards 2006 ;
RES;soundtrack for honey ;
INF;south beach diet information ;
NAV;south carolina government salaries ;
NAV;south florida fishing report ;
NAV;south park desktop themes ;
NAV;southbeacdhdiet ;
NAV;southern district federal san diego ;
INF;southern university in shreveport ;
NAV;southwest general hospital middleburg heights oh ;
NAV;soy based body waxing ;
INF;space for rent in rhode island ;
INF;spanish american war 24th and 25th infantry units of african american soldiers ;
NAV;spanked previews ;
NAV;spartan poker table ;
NAV;speaker phones ;
NAV;specialized chunder ;
INF;speedball model b press ;
INF;sphinx tattoo ;
INF;spinal compression ;
INF;spiritual fasting ;
NAV;spokanewa.gov ;
NAV;sport international hockey camp ;
NAV;sports capital partners ;
NAV;sportys chart ;
NAV;spring bulletin board ;
NAV;spring valley il ;
NAV;sprint prepaid plans ;
NAV;square numbers ;
NAV;ssa 20death 20index ;
NAV;st augustine beach hotel motels ;
NAV;st george parish framingham ma ;
NAV;st josephs hospital ohio ;
INF;st mary's episcopal church eldorado ;
NAV;st stanislaus church buffalo ;
NAV;st. bernadette's church brooklyn new york ;
NAV;st. john's mercy ;
NAV;st. louis cardinals schedule ;
INF;st. marys evening leader ;
NAV;st. petersburg yacht club ;
INF;st. vincents nursing school fresh meadows ;
NAV;stabler arena bethlehem pa ;
NAV;stafford loan interest rate 7 1 06 ;
NAV;stained glass troyes ;
INF;stamina squared ;
INF;stanford university braun ;
INF;staple easy rebate ;
NAV;star trek cell phone ;
NAV;star wars lego game walk through ;
NAV;stargate sg-1 cartoons ;
RES;starship sex store ;
INF;starting an anime business ;
NAV;starwoods resorts ;
NAV;state medical board of ohio ;
INF;state of maryland circuit court ;
INF;state office of bridgeport conneticut ;
NAV;staten island tree removal permits ;
INF;statistics on church demographics ;
NAV;stay odor free from incontinence ;
NAV;steamportland or ;
NAV;stella beer ;
NAV;stephen barnett ;
INF;steps in program development ;
INF;steroids analogs ;
NAV;steve schwartz rep-net ;
NAV;stevie 20wonder ;
NAV;stickers on currency ;
NAV;stock broker resumes ;
NAV;stockton theaters ;
NAV;stone temple pilots box set ;
INF;storage facilities ;
INF;story about a shark ;
NAV;strasburg pa. ;
NAV;strawberry festival brevard county ;
NAV;street directory in dallas texas ;
NAV;stress relievers ;
NAV;striped 20bass ;
NAV;structure jeans ;
NAV;stucs in dallas ;
INF;study on acts 5 1-16 ;
INF;sturgeon to eat ;
INF;subaru dealerships in massachusetts ;
NAV;submissive wifes ldd ;
NAV;suck daddys big cock ;
NAV;suffolk county public records real estate ;
NAV;sugar mercado ;
NAV;suleyman ozen ;
NAV;summary of the tin drum ;
INF;summer school enrichment programs in jakson mississippi area schools ;
INF;summit beach amusement park akron ohio ;
INF;sun city white pages ;
NAV;sunbeam oster ;
NAV;sunglasses for sale columbia south carolina ;
NAV;sunrise mechanical henderson nv ;
NAV;sunshadow apartments ;
NAV;suny cortland ;
NAV;super swamper tires in oklahoma okc ;
RES;superpages phone book ;
INF;supra pubic muscle location ;
NAV;surfing vacations usa ;
INF;surveys of st johns river ;
INF;susan g. komen breast cancer walk ;
NAV;sussex nj events ;
NAV;suzuki gsxr1000 ;
NAV;swaps n more scrapbook ;
NAV;sweet 16 gowns ;
NAV;sweet' ;
NAV;swim ways inflatable water slides ;
NAV;swing dancing ;
NAV;swiss tents ;
NAV;sydney au weather ;
NAV;symbol mobile companion for axim x5 ;
NAV;symptoms of allergic reaction in puppies ;
NAV;symptoms of soft palate in bulldogs ;
NAV;synopsis of streets of hope the fall and rise of an urban neighborhood ;
INF;system back up program ;
INF;t-shirt creators make your own t-shirt ;
NAV;table linens rentals kansas city mo. ;
INF;taco bell danbury connecticut ;
NAV;taggie blankets ;
NAV;taipei nightlife ;
NAV;talbots.cm ;
NAV;talking phone book charleston sc ;
NAV;tallahassee democrate ;
NAV;tammy stych ;
INF;tampa museums ;
INF;tango in st louis ;
NAV;tanningbed bulbs ;
NAV;tara king counseling ;
INF;tarp repair ;
NAV;tatsu ;
NAV;taupe color ;
INF;tax forms for nebraska ;
INF;taxpayer id number ;
INF;tb test requirements for nanny ;
NAV;teacher assistant job discription ;
INF;teaching evolution and devine creation ;
INF;team driving jobs ;
INF;techniques for mapping the huntington's disease gene ;
INF;ted neugent ;
NAV;teen connection hotline ;
NAV;teen party games ;
NAV;teens becoming starts novels ;
NAV;tejas rf technology ;
RES;telephone directory for atlanta georgia ;
NAV;tell a friend cgi ;
NAV;tempil bloxide ;
NAV;ten dollar pay day loans ;
INF;tennesse colleges ;
NAV;tennessee scrapbooking ;
NAV;tequila cristeros ;
INF;terra puerto rico ;
NAV;terry mcmillan achievements ;
NAV;testimonies of christians who were abused ;
NAV;texas 20dps ;
INF;texas cna registry ;
NAV;texas goats for sale ;
NAV;texas minister arrested for preaching against homosexuality ;
INF;texas sage ;
INF;texas united football league ;
RES;tgp black bbw fucking ;
RES;thank you quotes ;
INF;the actor matthew gray ;
INF;the architecture of germany ;
INF;the beach houses cayman ;
INF;the best joke i've ever heard ;
NAV;the bloggies ;
INF;the buffalo showplace ;
NAV;the ccharmed ones ;
INF;the civil war union confederate ;
RES;the cooter song ;
RES;the crusader marvel ;
NAV;the delta bank cooper texas ;
INF;the e true story of match game ;
INF;the fair tax book ;
NAV;the flaming monkeys ;
NAV;the geffen theatre ;
INF;the good feet store ;
INF;the h2 hummer ;
INF;the history of brass liberty bells ;
NAV;the hoop basketball and fitness center ;
INF;the indians was in america first ;
RES;the jenny mccarthy show cast ;
RES;the lake house movie - sandra bullock ;
INF;the life of moliere ;
RES;the love goddess ;
INF;the man who sold the world wallpaper ;
INF;the mercer county human services facility ;
INF;the monkees rock hall of fame ;
RES;the movies pc patches ;
INF;the new immigration for the native americans ;
INF;the north face in wheat ivory fossil ;
NAV;the orchard fruit brooklyn ny ;
NAV;the paragon ;
NAV;the plaza atlanta ;
INF;the pussy cat dolls in las vegas ;
INF;the remington tampa florida ;
INF;the right use of the present moment ;
NAV;the room store- phoenix ;
INF;the script to the basketball diaries ;
INF;the smallest monkey in amazon rainforest ;
NAV;the statler brothers tour information ;
RES;the suite life if zack and cody ;
RES;the treasure hunt book ;
RES;the very thought of you ;
NAV;the weekender pennysaver ;
INF;the womens club high point nc ;
INF;the year 1999 ;
INF;theirishpeople ;
INF;theological graduate schools in pennsylvania ;
RES;there it go lyrics juelz santana ;
INF;thickening of uterus tamoxifen ;
INF;things to do in northern california ;
NAV;thistle hotel inverness ;
NAV;thomas motors of joliet ;
NAV;thompsonlibrary.org ;
INF;three day eviction notice ;
INF;throwing up ;
INF;thurmount md ;
INF;tic disorder latest therapy ;
INF;tickets for snl ;
NAV;tiffany 104.1 ;
RES;tigers tatoos ;
INF;tim cortesi ;
RES;time change tables ;
RES;time square cam ;
RES;timemangement ;
INF;timothy s sinnott ;
NAV;tinseltown west monroe la ;
INF;tips for cancun mexico ;
NAV;tires watsonville ;
NAV;tivo compare prices ;
INF;to avoid closing costs ;
NAV;tocharian b language ;
INF;toddler mile stones ;
INF;token blacks in the media ;
INF;tom cruise sister ;
RES;tom townsend writer ;
INF;tommy howard rv ;
RES;tonight lyrics by ozzy ;
NAV;tonya from real world nude playboy ;
RES;top 10 sites.fashion models girls all ages free pics gallery ;
NAV;top 50 high school basketball players ;
NAV;top five home builders ;
NAV;top rated computer games ;
NAV;topper takes a trip ;
INF;tornado's in ok. ;
NAV;torre di portopalo menfi ;
NAV;toshiba satellite 1905-s303 expansion slots ;
INF;touch receptors ;
NAV;tow truck dealers in ma ;
INF;town of brookhaven ny property tax records ;
NAV;townhall.com slovenians ;
NAV;toy basketball goals over the door ;
NAV;toyota glendora ;
NAV;toyota tacoma a c hose ;
INF;track and field summer teams ;
NAV;tractor for sale ;
NAV;tradesman 8030b fence ;
INF;traffic school fontana california ;
RES;train from toulouse france to bayonne france ;
RES;trains to nashville ;
INF;trans-bridge bus ;
INF;transgenic plant ;
INF;transunion credit dispute ;
INF;travel clinic kaiser permanente san mateo county ;
INF;travel time between cities in vancouver & british columbia ;
INF;travis county election results ;
NAV;treasure trail help ;
INF;treatment to sickel cell ;
NAV;tremper high school ;
INF;tri cities 4-h club ;
NAV;trial law attorneys houston texas ;
NAV;triboro coach buses ;
INF;trimming your own hair ;
NAV;triple celtic knot pendulums ;
NAV;trojan livestock equipment co. ;
NAV;tropicana casino nj ;
NAV;trout fishing in pa ;
NAV;truck driving school in wichita kansas ;
NAV;truimph vintage bikes ;
NAV;ts file ;
NAV;tu cherche la merde ;
NAV;tucson motor vehicle division ;
NAV;tullys k cups ;
NAV;tunatic ;
NAV;turbo boxster ;
NAV;turn the other way tabs ;
INF;tuscaloosa county sheriffs office ;
NAV;tuxedo brothers ;
NAV;tv ma television ;
NAV;tvfood ;
NAV;twin oak bed ;
NAV;twitching of eye ;
NAV;two year old toddler ;
INF;tylenol sinus medicine ;
INF;types of maple trees ;
NAV;tyson ballou ;
NAV;u s navy 1957 ;
INF;u.s. navy war obituaries in february 2006 ;
INF;uc berkeley international diploma program ;
INF;uf forensics ;
NAV;uk ebay ;
NAV;ulst.ac.uk ;
NAV;ultracet ;
NAV;umbra picture frames ;
INF;uncc graduate programs psychology ;
NAV;under suspicion ;
NAV;undertaker wrestlemania 14 theme ;
NAV;unheard of rock band mothers milk ;
NAV;uniforms rancho cucamonga ;
NAV;union graduate school ;
NAV;unique resort wear ;
NAV;united kingdom email fraud ;
NAV;united states coast guard captains license ;
NAV;united steelworkers of america local 1304 ;
INF;universal hint systems ;
RES;universities in boston ;
INF;university of alabama book store ;
RES;university of medicine and dentistry in stratford nj ;
INF;university of washington graduate school spring calendar ;
NAV;unlocked nokia 6820 ;
NAV;unusual guitar knobs ;
INF;update on mummies found in the valley of the kings ;
NAV;upn harrisburg ;
NAV;ups systems for refrigerators ;
NAV;ureteral pelvic junction ;
RES;us air telephone number ;
INF;us customs inspector ;
NAV;us house bill 1641 on parole revocation ;
NAV;us representatives texas ;
NAV;usa swimming calendar ;
NAV;usbonds ;
NAV;usdoj.gov usao txn ;
NAV;used boats illinois ;
NAV;used cars for sale in simi valley ca ;
NAV;used furniture outlets in fullerton california ;
NAV;used mobility aids nevada ;
NAV;used storm boats ;
NAV;usedcars.co ;
INF;using an ipod to transfer large files ;
NAV;uss eltinge ;
RES;utahjobs ;
INF;uw stevens point summer school for high school students gifted ;
NAV;va individual unemployability pay ;
RES;vacation homes for rent in las vegas nevada ;
NAV;vacations to go cruises only ;
NAV;vain words ;
NAV;vali-hi drive in theatre ;
NAV;valley glen apartments huntingdon valley pa ;
NAV;van atkins jewelers ;
NAV;vancouver wa mortgage calculator ;
NAV;vans children shoes ;
RES;vash midis ;
INF;vcr tape to digital format ;
INF;vegan lunch box ;
NAV;vehicle roof vent ;
NAV;venetian plaster supplies ;
NAV;veradale homes ;
RES;verizon free ring tone for the cell phone ;
NAV;vermillion parish highway 14 natural gas ;
INF;verna mulder minnesota ;
INF;vertical hood piercing ;
NAV;vespa gts ;
INF;veterinary technician exam review ;
INF;viagra sample ;
RES;victims who died in the holocaust ;
NAV;victory nissan short pump ;
NAV;video revolution in tulsa ok ;
NAV;viejas sexi maduras ;
NAV;viewing stones for sale ;
INF;villa florence ;
NAV;villanovagroup llc ;
NAV;vineyard community church ;
NAV;vintage easter ;
NAV;vintara park subdivision ;
NAV;vip value rate ;
NAV;virgin mobile commercial coconut ;
NAV;virginia center commons mall ;
NAV;virginia marriage laws counseling ;
NAV;virginia wolfe bio ;
INF;virtual kids ;
INF;visas and passport problem ;
INF;visit san gabriel mission ;
NAV;vita salveo weight gain plus ;
INF;vitual memory ;
NAV;vo5 hair groom ;
RES;volcom girls bathing suit ;
NAV;volunteer center greater milwaukee ;
NAV;vomit blue liquid ;
NAV;voyeur redhead teen ;
NAV;vva brief agent orange ;
NAV;w.c pryor ;
NAV;wachovia new bern ;
NAV;wah wah pedals ;
NAV;wake tech campus cruiser ;
NAV;walgreens liquor ;
NAV;wall 2 wall soccer ;
NAV;wallace for president ;
INF;walmart apply for credit card ;
NAV;walmartvacations ;
NAV;walter dean myers lessons ;
NAV;wanderer's rest ;
INF;war in 1848 between austria and denmark ;
INF;warehouse of hope inc. ;
NAV;warren county florists ;
NAV;washburn dk20t ;
NAV;washington dc tourist safety ;
NAV;washington state and tugboat and tanker escort ;
NAV;washtenaw county rec center ;
NAV;water blown foams ;
NAV;water of el paso ;
NAV;watercolor stamps ;
NAV;watermelon rain boots ;
RES;waubonsie valley high school ;
RES;waylon malloy payne ;
NAV;ways for masterbaition ;
NAV;wbig 100.3 ;
NAV;we were crewdogs ;
RES;weather forcast seattle ;
RES;weather in spain ;
RES;weatherchannel network ;
RES;web site for eastern financial credit union ;
RES;webshot ecard ;
NAV;wedding anniversary gifts ;
NAV;wedding invitation suggested text ;
NAV;wedel's nursery kalamazoo mi ;
NAV;weichert pa chester ;
INF;weight loss surgery clinic in chicago ;
RES;weimeraner dog kingwood tx ;
NAV;welcome home 48th brigade of ga ;
NAV;wellesley college employment ;
NAV;wendy divine ;
NAV;weros argentina ;
NAV;west coast corvette ;
NAV;west jefferson ohio ;
NAV;west ridge golf ;
NAV;west virginia snakes native ;
NAV;westchester ny dog friendly apartments ;
NAV;western pennsylvania conservancy ;
NAV;westgate villas resorts ;
NAV;westminster maryland houses for sale ;
INF;westwood country club ;
NAV;wfor-tv ;
INF;what's the weather of edgewater maryland ;
NAV;wheel slots ;
NAV;which female naruto character are you quiz ;
NAV;whisky park tampa ;
NAV;white half runner seeds for mail order ;
NAV;white mxt detector ;
RES;white picture frames ;
NAV;white tiger myspace contact table ;
INF;whitethorn california ;
NAV;wholesale 90036 ;
NAV;wholesale easter baskets ;
NAV;wholesale lift kits chevy ;
NAV;wholesale valentine cookie cutters ;
NAV;wia ohio ;
NAV;wicker bob timberlake outdoor furniture ;
NAV;wifes lover ;
NAV;wild bill's duluth ;
NAV;wilderness scrapbooking ;
NAV;will county zoning ;
NAV;william and mary merchandise ;
RES;william luck ;
RES;williamson county jail inmates ;
NAV;willowbrook church huntsville ;
NAV;wilson metallic silk batting helmet ;
NAV;win a hummer 2 ;
NAV;wind rock atv park ;
INF;windows 98 support and help ;
RES;windowsmedia player ;
INF;wine step stools ;
NAV;winnie the pooh room decor ;
NAV;winter games organization ;
INF;wireless a v signal ;
NAV;wisconsin department of tourism ;
NAV;wisconsincheesemakersassn.org. ;
NAV;without prejudice legal term ;
NAV;wkyt channel 27 ;
RES;wolly bully ;
NAV;women fisting men ;
NAV;women sucking womens tits and cunts ;
NAV;women's dunlop hybrid golf clubs ;
NAV;women's weekend pool party guerneville ;
RES;womyn crop pant ;
INF;wood retail display tables ;
INF;wooden fan handles ;